ts,place,dist,weight_version,lane_weight_version,k,cut_edge_count,cut_edge_weight_sum,total_weight,alpha,beta,gamma,seed,cut_ratio,png_path,json_path,run_seconds
2025-08-25T23:59:04,"Berlin, Germany",3000,motorway1_rankup_1,more_lanes_heavier,6,157,1162355.0,405502189.0,1.0,1.0,1.0,0,0.002866458015594091,/home/joschua/桌面/KaHIP/min_balanced_cut_road_networks_osm/result/Berlin_Germany/motorway1_rankup_1/2025-08-25/more_lanes_heavier_run1_k6_a1.0_b1.0_g1.0.png,/home/joschua/桌面/KaHIP/min_balanced_cut_road_networks_osm/result/Berlin_Germany/motorway1_rankup_1/2025-08-25/more_lanes_heavier_edges_partitions_k6.json,10.183324813842773
2025-08-25T23:59:15,"Berlin, Germany",3000,motorway1_rankup_1,conformal_lane_tau0.5_anchor_1,6,132,945795.0,402192746.0,1.0,1.0,1.0,0,0.002351596366186077,/home/joschua/桌面/KaHIP/min_balanced_cut_road_networks_osm/result/Berlin_Germany/motorway1_rankup_1/2025-08-25/conformal_lane_tau0.5_anchor_1_run1_k6_a1.0_b1.0_g1.0.png,/home/joschua/桌面/KaHIP/min_balanced_cut_road_networks_osm/result/Berlin_Germany/motorway1_rankup_1/2025-08-25/conformal_lane_tau0.5_anchor_1_edges_partitions_k6.json,10.196610927581787
2025-08-25T23:59:26,"Berlin, Germany",3000,motorway1_rankup_1,conformal_lane_tau1_anchor_1,6,157,1162355.0,405502189.0,1.0,1.0,1.0,0,0.002866458015594091,/home/joschua/桌面/KaHIP/min_balanced_cut_road_networks_osm/result/Berlin_Germany/motorway1_rankup_1/2025-08-25/conformal_lane_tau1_anchor_1_run1_k6_a1.0_b1.0_g1.0.png,/home/joschua/桌面/KaHIP/min_balanced_cut_road_networks_osm/result/Berlin_Germany/motorway1_rankup_1/2025-08-25/conformal_lane_tau1_anchor_1_edges_partitions_k6.json,10.246880054473877
2025-08-25T23:59:38,"Berlin, Germany",3000,motorway1_rankup_1,conformal_lane_tau2_anchor_1,6,141,1111435.0,409189358.0,1.0,1.0,1.0,0,0.0027161874527538423,/home/joschua/桌面/KaHIP/min_balanced_cut_road_networks_osm/result/Berlin_Germany/motorway1_rankup_1/2025-08-25/conformal_lane_tau2_anchor_1_run1_k6_a1.0_b1.0_g1.0.png,/home/joschua/桌面/KaHIP/min_balanced_cut_road_networks_osm/result/Berlin_Germany/motorway1_rankup_1/2025-08-25/conformal_lane_tau2_anchor_1_edges_partitions_k6.json,10.01867127418518
2025-08-25T23:59:49,"Berlin, Germany",3000,conformal_rt_tau0.5_anchor_primary,more_lanes_heavier,6,134,635385.0,269457612.0,1.0,1.0,1.0,0,0.0023580146624323237,/home/joschua/桌面/KaHIP/min_balanced_cut_road_networks_osm/result/Berlin_Germany/conformal_rt_tau0.5_anchor_primary/2025-08-25/more_lanes_heavier_run1_k6_a1.0_b1.0_g1.0.png,/home/joschua/桌面/KaHIP/min_balanced_cut_road_networks_osm/result/Berlin_Germany/conformal_rt_tau0.5_anchor_primary/2025-08-25/more_lanes_heavier_edges_partitions_k6.json,10.069264650344849
2025-08-26T00:00:00,"Berlin, Germany",3000,conformal_rt_tau0.5_anchor_primary,conformal_lane_tau0.5_anchor_1,6,151,666798.0,260948978.0,1.0,1.0,1.0,0,0.0025552811323905624,/home/joschua/桌面/KaHIP/min_balanced_cut_road_networks_osm/result/Berlin_Germany/conformal_rt_tau0.5_anchor_primary/2025-08-25/conformal_lane_tau0.5_anchor_1_run1_k6_a1.0_b1.0_g1.0.png,/home/joschua/桌面/KaHIP/min_balanced_cut_road_networks_osm/result/Berlin_Germany/conformal_rt_tau0.5_anchor_primary/2025-08-25/conformal_lane_tau0.5_anchor_1_edges_partitions_k6.json,10.220510005950928
2025-08-26T00:00:11,"Berlin, Germany",3000,conformal_rt_tau0.5_anchor_primary,conformal_lane_tau1_anchor_1,6,134,635385.0,269457612.0,1.0,1.0,1.0,0,0.0023580146624323237,/home/joschua/桌面/KaHIP/min_balanced_cut_road_networks_osm/result/Berlin_Germany/conformal_rt_tau0.5_anchor_primary/2025-08-26/conformal_lane_tau1_anchor_1_run1_k6_a1.0_b1.0_g1.0.png,/home/joschua/桌面/KaHIP/min_balanced_cut_road_networks_osm/result/Berlin_Germany/conformal_rt_tau0.5_anchor_primary/2025-08-26/conformal_lane_tau1_anchor_1_edges_partitions_k6.json,10.06898307800293
2025-08-26T00:00:22,"Berlin, Germany",3000,conformal_rt_tau0.5_anchor_primary,conformal_lane_tau2_anchor_1,6,163,833351.0,289945802.0,1.0,1.0,1.0,0,0.002874161288943235,/home/joschua/桌面/KaHIP/min_balanced_cut_road_networks_osm/result/Berlin_Germany/conformal_rt_tau0.5_anchor_primary/2025-08-26/conformal_lane_tau2_anchor_1_run1_k6_a1.0_b1.0_g1.0.png,/home/joschua/桌面/KaHIP/min_balanced_cut_road_networks_osm/result/Berlin_Germany/conformal_rt_tau0.5_anchor_primary/2025-08-26/conformal_lane_tau2_anchor_1_edges_partitions_k6.json,10.011709690093994
2025-08-26T00:00:34,"Berlin, Germany",3000,conformal_rt_tau1_anchor_primary,more_lanes_heavier,6,143,690949.0,289548091.0,1.0,1.0,1.0,0,0.00238630134846926,/home/joschua/桌面/KaHIP/min_balanced_cut_road_networks_osm/result/Berlin_Germany/conformal_rt_tau1_anchor_primary/2025-08-26/more_lanes_heavier_run1_k6_a1.0_b1.0_g1.0.png,/home/joschua/桌面/KaHIP/min_balanced_cut_road_networks_osm/result/Berlin_Germany/conformal_rt_tau1_anchor_primary/2025-08-26/more_lanes_heavier_edges_partitions_k6.json,10.102338790893555
2025-08-26T00:00:45,"Berlin, Germany",3000,conformal_rt_tau1_anchor_primary,conformal_lane_tau0.5_anchor_1,6,154,714578.0,281077641.0,1.0,1.0,1.0,0,0.0025422797681726667,/home/joschua/桌面/KaHIP/min_balanced_cut_road_networks_osm/result/Berlin_Germany/conformal_rt_tau1_anchor_primary/2025-08-26/conformal_lane_tau0.5_anchor_1_run1_k6_a1.0_b1.0_g1.0.png,/home/joschua/桌面/KaHIP/min_balanced_cut_road_networks_osm/result/Berlin_Germany/conformal_rt_tau1_anchor_primary/2025-08-26/conformal_lane_tau0.5_anchor_1_edges_partitions_k6.json,10.006791353225708
2025-08-26T00:00:56,"Berlin, Germany",3000,conformal_rt_tau1_anchor_primary,conformal_lane_tau1_anchor_1,6,143,690949.0,289548091.0,1.0,1.0,1.0,0,0.00238630134846926,/home/joschua/桌面/KaHIP/min_balanced_cut_road_networks_osm/result/Berlin_Germany/conformal_rt_tau1_anchor_primary/2025-08-26/conformal_lane_tau1_anchor_1_run1_k6_a1.0_b1.0_g1.0.png,/home/joschua/桌面/KaHIP/min_balanced_cut_road_networks_osm/result/Berlin_Germany/conformal_rt_tau1_anchor_primary/2025-08-26/conformal_lane_tau1_anchor_1_edges_partitions_k6.json,10.19536018371582
2025-08-26T00:01:07,"Berlin, Germany",3000,conformal_rt_tau1_anchor_primary,conformal_lane_tau2_anchor_1,6,144,782115.0,309047458.0,1.0,1.0,1.0,0,0.002530727821097302,/home/joschua/桌面/KaHIP/min_balanced_cut_road_networks_osm/result/Berlin_Germany/conformal_rt_tau1_anchor_primary/2025-08-26/conformal_lane_tau2_anchor_1_run1_k6_a1.0_b1.0_g1.0.png,/home/joschua/桌面/KaHIP/min_balanced_cut_road_networks_osm/result/Berlin_Germany/conformal_rt_tau1_anchor_primary/2025-08-26/conformal_lane_tau2_anchor_1_edges_partitions_k6.json,10.0468909740448
2025-08-26T00:01:18,"Berlin, Germany",3000,conformal_rt_tau2_anchor_primary,more_lanes_heavier,6,144,801581.0,354001396.0,1.0,1.0,1.0,0,0.0022643441778969708,/home/joschua/桌面/KaHIP/min_balanced_cut_road_networks_osm/result/Berlin_Germany/conformal_rt_tau2_anchor_primary/2025-08-26/more_lanes_heavier_run1_k6_a1.0_b1.0_g1.0.png,/home/joschua/桌面/KaHIP/min_balanced_cut_road_networks_osm/result/Berlin_Germany/conformal_rt_tau2_anchor_primary/2025-08-26/more_lanes_heavier_edges_partitions_k6.json,10.103825092315674
2025-08-26T00:01:30,"Berlin, Germany",3000,conformal_rt_tau2_anchor_primary,conformal_lane_tau0.5_anchor_1,6,137,704254.0,346175828.0,1.0,1.0,1.0,0,0.0020343823659461284,/home/joschua/桌面/KaHIP/min_balanced_cut_road_networks_osm/result/Berlin_Germany/conformal_rt_tau2_anchor_primary/2025-08-26/conformal_lane_tau0.5_anchor_1_run1_k6_a1.0_b1.0_g1.0.png,/home/joschua/桌面/KaHIP/min_balanced_cut_road_networks_osm/result/Berlin_Germany/conformal_rt_tau2_anchor_primary/2025-08-26/conformal_lane_tau0.5_anchor_1_edges_partitions_k6.json,10.048456192016602
2025-08-26T00:01:41,"Berlin, Germany",3000,conformal_rt_tau2_anchor_primary,conformal_lane_tau1_anchor_1,6,144,801581.0,354001396.0,1.0,1.0,1.0,0,0.0022643441778969708,/home/joschua/桌面/KaHIP/min_balanced_cut_road_networks_osm/result/Berlin_Germany/conformal_rt_tau2_anchor_primary/2025-08-26/conformal_lane_tau1_anchor_1_run1_k6_a1.0_b1.0_g1.0.png,/home/joschua/桌面/KaHIP/min_balanced_cut_road_networks_osm/result/Berlin_Germany/conformal_rt_tau2_anchor_primary/2025-08-26/conformal_lane_tau1_anchor_1_edges_partitions_k6.json,10.171994924545288
2025-08-26T00:01:52,"Berlin, Germany",3000,conformal_rt_tau2_anchor_primary,conformal_lane_tau2_anchor_1,6,143,851337.0,368334059.0,1.0,1.0,1.0,0,0.0023113176183362396,/home/joschua/桌面/KaHIP/min_balanced_cut_road_networks_osm/result/Berlin_Germany/conformal_rt_tau2_anchor_primary/2025-08-26/conformal_lane_tau2_anchor_1_run1_k6_a1.0_b1.0_g1.0.png,/home/joschua/桌面/KaHIP/min_balanced_cut_road_networks_osm/result/Berlin_Germany/conformal_rt_tau2_anchor_primary/2025-08-26/conformal_lane_tau2_anchor_1_edges_partitions_k6.json,10.345419645309448
2025-08-26T00:02:03,"Berlin, Germany",3000,motorway1_rankup_1,more_lanes_heavier,6,157,1162355.0,405502189.0,1.0,1.0,1.0,1,0.002866458015594091,/home/joschua/桌面/KaHIP/min_balanced_cut_road_networks_osm/result/Berlin_Germany/motorway1_rankup_1/2025-08-26/more_lanes_heavier_run1_k6_a1.0_b1.0_g1.0.png,/home/joschua/桌面/KaHIP/min_balanced_cut_road_networks_osm/result/Berlin_Germany/motorway1_rankup_1/2025-08-26/more_lanes_heavier_edges_partitions_k6.json,9.995826721191406
2025-08-26T00:02:15,"Berlin, Germany",3000,motorway1_rankup_1,conformal_lane_tau0.5_anchor_1,6,132,945795.0,402192746.0,1.0,1.0,1.0,1,0.002351596366186077,/home/joschua/桌面/KaHIP/min_balanced_cut_road_networks_osm/result/Berlin_Germany/motorway1_rankup_1/2025-08-26/conformal_lane_tau0.5_anchor_1_run1_k6_a1.0_b1.0_g1.0.png,/home/joschua/桌面/KaHIP/min_balanced_cut_road_networks_osm/result/Berlin_Germany/motorway1_rankup_1/2025-08-26/conformal_lane_tau0.5_anchor_1_edges_partitions_k6.json,10.055785179138184
2025-08-26T00:02:26,"Berlin, Germany",3000,motorway1_rankup_1,conformal_lane_tau1_anchor_1,6,157,1162355.0,405502189.0,1.0,1.0,1.0,1,0.002866458015594091,/home/joschua/桌面/KaHIP/min_balanced_cut_road_networks_osm/result/Berlin_Germany/motorway1_rankup_1/2025-08-26/conformal_lane_tau1_anchor_1_run1_k6_a1.0_b1.0_g1.0.png,/home/joschua/桌面/KaHIP/min_balanced_cut_road_networks_osm/result/Berlin_Germany/motorway1_rankup_1/2025-08-26/conformal_lane_tau1_anchor_1_edges_partitions_k6.json,9.957415103912354
2025-08-26T00:02:37,"Berlin, Germany",3000,motorway1_rankup_1,conformal_lane_tau2_anchor_1,6,141,1111435.0,409189358.0,1.0,1.0,1.0,1,0.0027161874527538423,/home/joschua/桌面/KaHIP/min_balanced_cut_road_networks_osm/result/Berlin_Germany/motorway1_rankup_1/2025-08-26/conformal_lane_tau2_anchor_1_run1_k6_a1.0_b1.0_g1.0.png,/home/joschua/桌面/KaHIP/min_balanced_cut_road_networks_osm/result/Berlin_Germany/motorway1_rankup_1/2025-08-26/conformal_lane_tau2_anchor_1_edges_partitions_k6.json,9.959891319274902
2025-08-26T00:02:48,"Berlin, Germany",3000,conformal_rt_tau0.5_anchor_primary,more_lanes_heavier,6,134,635385.0,269457612.0,1.0,1.0,1.0,1,0.0023580146624323237,/home/joschua/桌面/KaHIP/min_balanced_cut_road_networks_osm/result/Berlin_Germany/conformal_rt_tau0.5_anchor_primary/2025-08-26/more_lanes_heavier_run1_k6_a1.0_b1.0_g1.0.png,/home/joschua/桌面/KaHIP/min_balanced_cut_road_networks_osm/result/Berlin_Germany/conformal_rt_tau0.5_anchor_primary/2025-08-26/more_lanes_heavier_edges_partitions_k6.json,10.107999086380005
2025-08-26T00:02:59,"Berlin, Germany",3000,conformal_rt_tau0.5_anchor_primary,conformal_lane_tau0.5_anchor_1,6,151,666798.0,260948978.0,1.0,1.0,1.0,1,0.0025552811323905624,/home/joschua/桌面/KaHIP/min_balanced_cut_road_networks_osm/result/Berlin_Germany/conformal_rt_tau0.5_anchor_primary/2025-08-26/conformal_lane_tau0.5_anchor_1_run1_k6_a1.0_b1.0_g1.0.png,/home/joschua/桌面/KaHIP/min_balanced_cut_road_networks_osm/result/Berlin_Germany/conformal_rt_tau0.5_anchor_primary/2025-08-26/conformal_lane_tau0.5_anchor_1_edges_partitions_k6.json,9.998509168624878
2025-08-26T00:03:11,"Berlin, Germany",3000,conformal_rt_tau0.5_anchor_primary,conformal_lane_tau1_anchor_1,6,134,635385.0,269457612.0,1.0,1.0,1.0,1,0.0023580146624323237,/home/joschua/桌面/KaHIP/min_balanced_cut_road_networks_osm/result/Berlin_Germany/conformal_rt_tau0.5_anchor_primary/2025-08-26/conformal_lane_tau1_anchor_1_run1_k6_a1.0_b1.0_g1.0.png,/home/joschua/桌面/KaHIP/min_balanced_cut_road_networks_osm/result/Berlin_Germany/conformal_rt_tau0.5_anchor_primary/2025-08-26/conformal_lane_tau1_anchor_1_edges_partitions_k6.json,10.392442226409912
2025-08-26T00:03:22,"Berlin, Germany",3000,conformal_rt_tau0.5_anchor_primary,conformal_lane_tau2_anchor_1,6,163,833351.0,289945802.0,1.0,1.0,1.0,1,0.002874161288943235,/home/joschua/桌面/KaHIP/min_balanced_cut_road_networks_osm/result/Berlin_Germany/conformal_rt_tau0.5_anchor_primary/2025-08-26/conformal_lane_tau2_anchor_1_run1_k6_a1.0_b1.0_g1.0.png,/home/joschua/桌面/KaHIP/min_balanced_cut_road_networks_osm/result/Berlin_Germany/conformal_rt_tau0.5_anchor_primary/2025-08-26/conformal_lane_tau2_anchor_1_edges_partitions_k6.json,10.029274940490723
2025-08-26T00:03:33,"Berlin, Germany",3000,conformal_rt_tau1_anchor_primary,more_lanes_heavier,6,143,690949.0,289548091.0,1.0,1.0,1.0,1,0.00238630134846926,/home/joschua/桌面/KaHIP/min_balanced_cut_road_networks_osm/result/Berlin_Germany/conformal_rt_tau1_anchor_primary/2025-08-26/more_lanes_heavier_run1_k6_a1.0_b1.0_g1.0.png,/home/joschua/桌面/KaHIP/min_balanced_cut_road_networks_osm/result/Berlin_Germany/conformal_rt_tau1_anchor_primary/2025-08-26/more_lanes_heavier_edges_partitions_k6.json,10.124078512191772
2025-08-26T00:03:44,"Berlin, Germany",3000,conformal_rt_tau1_anchor_primary,conformal_lane_tau0.5_anchor_1,6,154,714578.0,281077641.0,1.0,1.0,1.0,1,0.0025422797681726667,/home/joschua/桌面/KaHIP/min_balanced_cut_road_networks_osm/result/Berlin_Germany/conformal_rt_tau1_anchor_primary/2025-08-26/conformal_lane_tau0.5_anchor_1_run1_k6_a1.0_b1.0_g1.0.png,/home/joschua/桌面/KaHIP/min_balanced_cut_road_networks_osm/result/Berlin_Germany/conformal_rt_tau1_anchor_primary/2025-08-26/conformal_lane_tau0.5_anchor_1_edges_partitions_k6.json,10.094913482666016
2025-08-26T00:03:55,"Berlin, Germany",3000,conformal_rt_tau1_anchor_primary,conformal_lane_tau1_anchor_1,6,143,690949.0,289548091.0,1.0,1.0,1.0,1,0.00238630134846926,/home/joschua/桌面/KaHIP/min_balanced_cut_road_networks_osm/result/Berlin_Germany/conformal_rt_tau1_anchor_primary/2025-08-26/conformal_lane_tau1_anchor_1_run1_k6_a1.0_b1.0_g1.0.png,/home/joschua/桌面/KaHIP/min_balanced_cut_road_networks_osm/result/Berlin_Germany/conformal_rt_tau1_anchor_primary/2025-08-26/conformal_lane_tau1_anchor_1_edges_partitions_k6.json,10.13433313369751
2025-08-26T00:04:07,"Berlin, Germany",3000,conformal_rt_tau1_anchor_primary,conformal_lane_tau2_anchor_1,6,144,782115.0,309047458.0,1.0,1.0,1.0,1,0.002530727821097302,/home/joschua/桌面/KaHIP/min_balanced_cut_road_networks_osm/result/Berlin_Germany/conformal_rt_tau1_anchor_primary/2025-08-26/conformal_lane_tau2_anchor_1_run1_k6_a1.0_b1.0_g1.0.png,/home/joschua/桌面/KaHIP/min_balanced_cut_road_networks_osm/result/Berlin_Germany/conformal_rt_tau1_anchor_primary/2025-08-26/conformal_lane_tau2_anchor_1_edges_partitions_k6.json,10.087854862213135
2025-08-26T00:04:18,"Berlin, Germany",3000,conformal_rt_tau2_anchor_primary,more_lanes_heavier,6,144,801581.0,354001396.0,1.0,1.0,1.0,1,0.0022643441778969708,/home/joschua/桌面/KaHIP/min_balanced_cut_road_networks_osm/result/Berlin_Germany/conformal_rt_tau2_anchor_primary/2025-08-26/more_lanes_heavier_run1_k6_a1.0_b1.0_g1.0.png,/home/joschua/桌面/KaHIP/min_balanced_cut_road_networks_osm/result/Berlin_Germany/conformal_rt_tau2_anchor_primary/2025-08-26/more_lanes_heavier_edges_partitions_k6.json,10.03829312324524
2025-08-26T00:04:29,"Berlin, Germany",3000,conformal_rt_tau2_anchor_primary,conformal_lane_tau0.5_anchor_1,6,137,704254.0,346175828.0,1.0,1.0,1.0,1,0.0020343823659461284,/home/joschua/桌面/KaHIP/min_balanced_cut_road_networks_osm/result/Berlin_Germany/conformal_rt_tau2_anchor_primary/2025-08-26/conformal_lane_tau0.5_anchor_1_run1_k6_a1.0_b1.0_g1.0.png,/home/joschua/桌面/KaHIP/min_balanced_cut_road_networks_osm/result/Berlin_Germany/conformal_rt_tau2_anchor_primary/2025-08-26/conformal_lane_tau0.5_anchor_1_edges_partitions_k6.json,10.197185039520264
2025-08-26T00:04:40,"Berlin, Germany",3000,conformal_rt_tau2_anchor_primary,conformal_lane_tau1_anchor_1,6,144,801581.0,354001396.0,1.0,1.0,1.0,1,0.0022643441778969708,/home/joschua/桌面/KaHIP/min_balanced_cut_road_networks_osm/result/Berlin_Germany/conformal_rt_tau2_anchor_primary/2025-08-26/conformal_lane_tau1_anchor_1_run1_k6_a1.0_b1.0_g1.0.png,/home/joschua/桌面/KaHIP/min_balanced_cut_road_networks_osm/result/Berlin_Germany/conformal_rt_tau2_anchor_primary/2025-08-26/conformal_lane_tau1_anchor_1_edges_partitions_k6.json,10.043020725250244
2025-08-26T00:04:51,"Berlin, Germany",3000,conformal_rt_tau2_anchor_primary,conformal_lane_tau2_anchor_1,6,143,851337.0,368334059.0,1.0,1.0,1.0,1,0.0023113176183362396,/home/joschua/桌面/KaHIP/min_balanced_cut_road_networks_osm/result/Berlin_Germany/conformal_rt_tau2_anchor_primary/2025-08-26/conformal_lane_tau2_anchor_1_run1_k6_a1.0_b1.0_g1.0.png,/home/joschua/桌面/KaHIP/min_balanced_cut_road_networks_osm/result/Berlin_Germany/conformal_rt_tau2_anchor_primary/2025-08-26/conformal_lane_tau2_anchor_1_edges_partitions_k6.json,10.075283288955688
2025-08-26T00:05:02,"Berlin, Germany",3000,motorway1_rankup_1,more_lanes_heavier,6,157,1162355.0,405502189.0,1.0,1.0,1.0,2,0.002866458015594091,/home/joschua/桌面/KaHIP/min_balanced_cut_road_networks_osm/result/Berlin_Germany/motorway1_rankup_1/2025-08-26/more_lanes_heavier_run1_k6_a1.0_b1.0_g1.0.png,/home/joschua/桌面/KaHIP/min_balanced_cut_road_networks_osm/result/Berlin_Germany/motorway1_rankup_1/2025-08-26/more_lanes_heavier_edges_partitions_k6.json,9.988831758499146
2025-08-26T00:05:14,"Berlin, Germany",3000,motorway1_rankup_1,conformal_lane_tau0.5_anchor_1,6,132,945795.0,402192746.0,1.0,1.0,1.0,2,0.002351596366186077,/home/joschua/桌面/KaHIP/min_balanced_cut_road_networks_osm/result/Berlin_Germany/motorway1_rankup_1/2025-08-26/conformal_lane_tau0.5_anchor_1_run1_k6_a1.0_b1.0_g1.0.png,/home/joschua/桌面/KaHIP/min_balanced_cut_road_networks_osm/result/Berlin_Germany/motorway1_rankup_1/2025-08-26/conformal_lane_tau0.5_anchor_1_edges_partitions_k6.json,10.140221357345581
2025-08-26T00:05:25,"Berlin, Germany",3000,motorway1_rankup_1,conformal_lane_tau1_anchor_1,6,157,1162355.0,405502189.0,1.0,1.0,1.0,2,0.002866458015594091,/home/joschua/桌面/KaHIP/min_balanced_cut_road_networks_osm/result/Berlin_Germany/motorway1_rankup_1/2025-08-26/conformal_lane_tau1_anchor_1_run1_k6_a1.0_b1.0_g1.0.png,/home/joschua/桌面/KaHIP/min_balanced_cut_road_networks_osm/result/Berlin_Germany/motorway1_rankup_1/2025-08-26/conformal_lane_tau1_anchor_1_edges_partitions_k6.json,10.116560220718384
2025-08-26T00:05:36,"Berlin, Germany",3000,motorway1_rankup_1,conformal_lane_tau2_anchor_1,6,141,1111435.0,409189358.0,1.0,1.0,1.0,2,0.0027161874527538423,/home/joschua/桌面/KaHIP/min_balanced_cut_road_networks_osm/result/Berlin_Germany/motorway1_rankup_1/2025-08-26/conformal_lane_tau2_anchor_1_run1_k6_a1.0_b1.0_g1.0.png,/home/joschua/桌面/KaHIP/min_balanced_cut_road_networks_osm/result/Berlin_Germany/motorway1_rankup_1/2025-08-26/conformal_lane_tau2_anchor_1_edges_partitions_k6.json,10.042385339736938
2025-08-26T00:05:47,"Berlin, Germany",3000,conformal_rt_tau0.5_anchor_primary,more_lanes_heavier,6,134,635385.0,269457612.0,1.0,1.0,1.0,2,0.0023580146624323237,/home/joschua/桌面/KaHIP/min_balanced_cut_road_networks_osm/result/Berlin_Germany/conformal_rt_tau0.5_anchor_primary/2025-08-26/more_lanes_heavier_run1_k6_a1.0_b1.0_g1.0.png,/home/joschua/桌面/KaHIP/min_balanced_cut_road_networks_osm/result/Berlin_Germany/conformal_rt_tau0.5_anchor_primary/2025-08-26/more_lanes_heavier_edges_partitions_k6.json,10.105072736740112
2025-08-26T00:05:58,"Berlin, Germany",3000,conformal_rt_tau0.5_anchor_primary,conformal_lane_tau0.5_anchor_1,6,151,666798.0,260948978.0,1.0,1.0,1.0,2,0.0025552811323905624,/home/joschua/桌面/KaHIP/min_balanced_cut_road_networks_osm/result/Berlin_Germany/conformal_rt_tau0.5_anchor_primary/2025-08-26/conformal_lane_tau0.5_anchor_1_run1_k6_a1.0_b1.0_g1.0.png,/home/joschua/桌面/KaHIP/min_balanced_cut_road_networks_osm/result/Berlin_Germany/conformal_rt_tau0.5_anchor_primary/2025-08-26/conformal_lane_tau0.5_anchor_1_edges_partitions_k6.json,10.034213781356812
2025-08-26T00:06:10,"Berlin, Germany",3000,conformal_rt_tau0.5_anchor_primary,conformal_lane_tau1_anchor_1,6,134,635385.0,269457612.0,1.0,1.0,1.0,2,0.0023580146624323237,/home/joschua/桌面/KaHIP/min_balanced_cut_road_networks_osm/result/Berlin_Germany/conformal_rt_tau0.5_anchor_primary/2025-08-26/conformal_lane_tau1_anchor_1_run1_k6_a1.0_b1.0_g1.0.png,/home/joschua/桌面/KaHIP/min_balanced_cut_road_networks_osm/result/Berlin_Germany/conformal_rt_tau0.5_anchor_primary/2025-08-26/conformal_lane_tau1_anchor_1_edges_partitions_k6.json,10.174548149108887
2025-08-26T00:06:21,"Berlin, Germany",3000,conformal_rt_tau0.5_anchor_primary,conformal_lane_tau2_anchor_1,6,163,833351.0,289945802.0,1.0,1.0,1.0,2,0.002874161288943235,/home/joschua/桌面/KaHIP/min_balanced_cut_road_networks_osm/result/Berlin_Germany/conformal_rt_tau0.5_anchor_primary/2025-08-26/conformal_lane_tau2_anchor_1_run1_k6_a1.0_b1.0_g1.0.png,/home/joschua/桌面/KaHIP/min_balanced_cut_road_networks_osm/result/Berlin_Germany/conformal_rt_tau0.5_anchor_primary/2025-08-26/conformal_lane_tau2_anchor_1_edges_partitions_k6.json,10.168521881103516
2025-08-26T00:06:32,"Berlin, Germany",3000,conformal_rt_tau1_anchor_primary,more_lanes_heavier,6,143,690949.0,289548091.0,1.0,1.0,1.0,2,0.00238630134846926,/home/joschua/桌面/KaHIP/min_balanced_cut_road_networks_osm/result/Berlin_Germany/conformal_rt_tau1_anchor_primary/2025-08-26/more_lanes_heavier_run1_k6_a1.0_b1.0_g1.0.png,/home/joschua/桌面/KaHIP/min_balanced_cut_road_networks_osm/result/Berlin_Germany/conformal_rt_tau1_anchor_primary/2025-08-26/more_lanes_heavier_edges_partitions_k6.json,10.080886125564575
2025-08-26T00:06:43,"Berlin, Germany",3000,conformal_rt_tau1_anchor_primary,conformal_lane_tau0.5_anchor_1,6,154,714578.0,281077641.0,1.0,1.0,1.0,2,0.0025422797681726667,/home/joschua/桌面/KaHIP/min_balanced_cut_road_networks_osm/result/Berlin_Germany/conformal_rt_tau1_anchor_primary/2025-08-26/conformal_lane_tau0.5_anchor_1_run1_k6_a1.0_b1.0_g1.0.png,/home/joschua/桌面/KaHIP/min_balanced_cut_road_networks_osm/result/Berlin_Germany/conformal_rt_tau1_anchor_primary/2025-08-26/conformal_lane_tau0.5_anchor_1_edges_partitions_k6.json,10.066527605056763
2025-08-26T00:06:55,"Berlin, Germany",3000,conformal_rt_tau1_anchor_primary,conformal_lane_tau1_anchor_1,6,143,690949.0,289548091.0,1.0,1.0,1.0,2,0.00238630134846926,/home/joschua/桌面/KaHIP/min_balanced_cut_road_networks_osm/result/Berlin_Germany/conformal_rt_tau1_anchor_primary/2025-08-26/conformal_lane_tau1_anchor_1_run1_k6_a1.0_b1.0_g1.0.png,/home/joschua/桌面/KaHIP/min_balanced_cut_road_networks_osm/result/Berlin_Germany/conformal_rt_tau1_anchor_primary/2025-08-26/conformal_lane_tau1_anchor_1_edges_partitions_k6.json,10.13335108757019
2025-08-26T00:07:06,"Berlin, Germany",3000,conformal_rt_tau1_anchor_primary,conformal_lane_tau2_anchor_1,6,144,782115.0,309047458.0,1.0,1.0,1.0,2,0.002530727821097302,/home/joschua/桌面/KaHIP/min_balanced_cut_road_networks_osm/result/Berlin_Germany/conformal_rt_tau1_anchor_primary/2025-08-26/conformal_lane_tau2_anchor_1_run1_k6_a1.0_b1.0_g1.0.png,/home/joschua/桌面/KaHIP/min_balanced_cut_road_networks_osm/result/Berlin_Germany/conformal_rt_tau1_anchor_primary/2025-08-26/conformal_lane_tau2_anchor_1_edges_partitions_k6.json,10.096324443817139
2025-08-26T00:07:17,"Berlin, Germany",3000,conformal_rt_tau2_anchor_primary,more_lanes_heavier,6,144,801581.0,354001396.0,1.0,1.0,1.0,2,0.0022643441778969708,/home/joschua/桌面/KaHIP/min_balanced_cut_road_networks_osm/result/Berlin_Germany/conformal_rt_tau2_anchor_primary/2025-08-26/more_lanes_heavier_run1_k6_a1.0_b1.0_g1.0.png,/home/joschua/桌面/KaHIP/min_balanced_cut_road_networks_osm/result/Berlin_Germany/conformal_rt_tau2_anchor_primary/2025-08-26/more_lanes_heavier_edges_partitions_k6.json,10.098330020904541
2025-08-26T00:07:28,"Berlin, Germany",3000,conformal_rt_tau2_anchor_primary,conformal_lane_tau0.5_anchor_1,6,137,704254.0,346175828.0,1.0,1.0,1.0,2,0.0020343823659461284,/home/joschua/桌面/KaHIP/min_balanced_cut_road_networks_osm/result/Berlin_Germany/conformal_rt_tau2_anchor_primary/2025-08-26/conformal_lane_tau0.5_anchor_1_run1_k6_a1.0_b1.0_g1.0.png,/home/joschua/桌面/KaHIP/min_balanced_cut_road_networks_osm/result/Berlin_Germany/conformal_rt_tau2_anchor_primary/2025-08-26/conformal_lane_tau0.5_anchor_1_edges_partitions_k6.json,10.070935249328613
2025-08-26T00:07:39,"Berlin, Germany",3000,conformal_rt_tau2_anchor_primary,conformal_lane_tau1_anchor_1,6,144,801581.0,354001396.0,1.0,1.0,1.0,2,0.0022643441778969708,/home/joschua/桌面/KaHIP/min_balanced_cut_road_networks_osm/result/Berlin_Germany/conformal_rt_tau2_anchor_primary/2025-08-26/conformal_lane_tau1_anchor_1_run1_k6_a1.0_b1.0_g1.0.png,/home/joschua/桌面/KaHIP/min_balanced_cut_road_networks_osm/result/Berlin_Germany/conformal_rt_tau2_anchor_primary/2025-08-26/conformal_lane_tau1_anchor_1_edges_partitions_k6.json,10.091371297836304
2025-08-26T00:07:51,"Berlin, Germany",3000,conformal_rt_tau2_anchor_primary,conformal_lane_tau2_anchor_1,6,143,851337.0,368334059.0,1.0,1.0,1.0,2,0.0023113176183362396,/home/joschua/桌面/KaHIP/min_balanced_cut_road_networks_osm/result/Berlin_Germany/conformal_rt_tau2_anchor_primary/2025-08-26/conformal_lane_tau2_anchor_1_run1_k6_a1.0_b1.0_g1.0.png,/home/joschua/桌面/KaHIP/min_balanced_cut_road_networks_osm/result/Berlin_Germany/conformal_rt_tau2_anchor_primary/2025-08-26/conformal_lane_tau2_anchor_1_edges_partitions_k6.json,10.084057807922363
2025-08-26T00:07:56,"Paris, France",3000,motorway1_rankup_1,more_lanes_heavier,6,150,1317346.0,142254874.0,1.0,1.0,1.0,0,0.009260463019354964,/home/joschua/桌面/KaHIP/min_balanced_cut_road_networks_osm/result/Paris_France/motorway1_rankup_1/2025-08-26/more_lanes_heavier_run1_k6_a1.0_b1.0_g1.0.png,/home/joschua/桌面/KaHIP/min_balanced_cut_road_networks_osm/result/Paris_France/motorway1_rankup_1/2025-08-26/more_lanes_heavier_edges_partitions_k6.json,4.246114492416382
2025-08-26T00:08:01,"Paris, France",3000,motorway1_rankup_1,conformal_lane_tau0.5_anchor_1,6,148,1248285.0,140414110.0,1.0,1.0,1.0,0,0.00889002536853312,/home/joschua/桌面/KaHIP/min_balanced_cut_road_networks_osm/result/Paris_France/motorway1_rankup_1/2025-08-26/conformal_lane_tau0.5_anchor_1_run1_k6_a1.0_b1.0_g1.0.png,/home/joschua/桌面/KaHIP/min_balanced_cut_road_networks_osm/result/Paris_France/motorway1_rankup_1/2025-08-26/conformal_lane_tau0.5_anchor_1_edges_partitions_k6.json,4.242303848266602
2025-08-26T00:08:06,"Paris, France",3000,motorway1_rankup_1,conformal_lane_tau1_anchor_1,6,150,1317346.0,142254874.0,1.0,1.0,1.0,0,0.009260463019354964,/home/joschua/桌面/KaHIP/min_balanced_cut_road_networks_osm/result/Paris_France/motorway1_rankup_1/2025-08-26/conformal_lane_tau1_anchor_1_run1_k6_a1.0_b1.0_g1.0.png,/home/joschua/桌面/KaHIP/min_balanced_cut_road_networks_osm/result/Paris_France/motorway1_rankup_1/2025-08-26/conformal_lane_tau1_anchor_1_edges_partitions_k6.json,4.218621015548706
2025-08-26T00:08:11,"Paris, France",3000,motorway1_rankup_1,conformal_lane_tau2_anchor_1,6,159,1467795.0,143824645.0,1.0,1.0,1.0,0,0.010205448447308875,/home/joschua/桌面/KaHIP/min_balanced_cut_road_networks_osm/result/Paris_France/motorway1_rankup_1/2025-08-26/conformal_lane_tau2_anchor_1_run1_k6_a1.0_b1.0_g1.0.png,/home/joschua/桌面/KaHIP/min_balanced_cut_road_networks_osm/result/Paris_France/motorway1_rankup_1/2025-08-26/conformal_lane_tau2_anchor_1_edges_partitions_k6.json,4.2229509353637695
2025-08-26T00:08:17,"Paris, France",3000,conformal_rt_tau0.5_anchor_primary,more_lanes_heavier,6,171,1016501.0,101222617.0,1.0,1.0,1.0,0,0.010042231964818692,/home/joschua/桌面/KaHIP/min_balanced_cut_road_networks_osm/result/Paris_France/conformal_rt_tau0.5_anchor_primary/2025-08-26/more_lanes_heavier_run1_k6_a1.0_b1.0_g1.0.png,/home/joschua/桌面/KaHIP/min_balanced_cut_road_networks_osm/result/Paris_France/conformal_rt_tau0.5_anchor_primary/2025-08-26/more_lanes_heavier_edges_partitions_k6.json,4.32384729385376
2025-08-26T00:08:22,"Paris, France",3000,conformal_rt_tau0.5_anchor_primary,conformal_lane_tau0.5_anchor_1,6,154,817951.0,96628860.0,1.0,1.0,1.0,0,0.008464872709871564,/home/joschua/桌面/KaHIP/min_balanced_cut_road_networks_osm/result/Paris_France/conformal_rt_tau0.5_anchor_primary/2025-08-26/conformal_lane_tau0.5_anchor_1_run1_k6_a1.0_b1.0_g1.0.png,/home/joschua/桌面/KaHIP/min_balanced_cut_road_networks_osm/result/Paris_France/conformal_rt_tau0.5_anchor_primary/2025-08-26/conformal_lane_tau0.5_anchor_1_edges_partitions_k6.json,4.347017765045166
2025-08-26T00:08:27,"Paris, France",3000,conformal_rt_tau0.5_anchor_primary,conformal_lane_tau1_anchor_1,6,171,1016501.0,101222617.0,1.0,1.0,1.0,0,0.010042231964818692,/home/joschua/桌面/KaHIP/min_balanced_cut_road_networks_osm/result/Paris_France/conformal_rt_tau0.5_anchor_primary/2025-08-26/conformal_lane_tau1_anchor_1_run1_k6_a1.0_b1.0_g1.0.png,/home/joschua/桌面/KaHIP/min_balanced_cut_road_networks_osm/result/Paris_France/conformal_rt_tau0.5_anchor_primary/2025-08-26/conformal_lane_tau1_anchor_1_edges_partitions_k6.json,4.26823878288269
2025-08-26T00:08:32,"Paris, France",3000,conformal_rt_tau0.5_anchor_primary,conformal_lane_tau2_anchor_1,6,179,1162780.0,108960278.0,1.0,1.0,1.0,0,0.010671595386348041,/home/joschua/桌面/KaHIP/min_balanced_cut_road_networks_osm/result/Paris_France/conformal_rt_tau0.5_anchor_primary/2025-08-26/conformal_lane_tau2_anchor_1_run1_k6_a1.0_b1.0_g1.0.png,/home/joschua/桌面/KaHIP/min_balanced_cut_road_networks_osm/result/Paris_France/conformal_rt_tau0.5_anchor_primary/2025-08-26/conformal_lane_tau2_anchor_1_edges_partitions_k6.json,4.273053169250488
2025-08-26T00:08:38,"Paris, France",3000,conformal_rt_tau1_anchor_primary,more_lanes_heavier,6,152,989962.0,107336043.0,1.0,1.0,1.0,0,0.0092230156090252,/home/joschua/桌面/KaHIP/min_balanced_cut_road_networks_osm/result/Paris_France/conformal_rt_tau1_anchor_primary/2025-08-26/more_lanes_heavier_run1_k6_a1.0_b1.0_g1.0.png,/home/joschua/桌面/KaHIP/min_balanced_cut_road_networks_osm/result/Paris_France/conformal_rt_tau1_anchor_primary/2025-08-26/more_lanes_heavier_edges_partitions_k6.json,4.2726757526397705
2025-08-26T00:08:43,"Paris, France",3000,conformal_rt_tau1_anchor_primary,conformal_lane_tau0.5_anchor_1,6,157,885429.0,102777222.0,1.0,1.0,1.0,0,0.008615031451229533,/home/joschua/桌面/KaHIP/min_balanced_cut_road_networks_osm/result/Paris_France/conformal_rt_tau1_anchor_primary/2025-08-26/conformal_lane_tau0.5_anchor_1_run1_k6_a1.0_b1.0_g1.0.png,/home/joschua/桌面/KaHIP/min_balanced_cut_road_networks_osm/result/Paris_France/conformal_rt_tau1_anchor_primary/2025-08-26/conformal_lane_tau0.5_anchor_1_edges_partitions_k6.json,4.256105422973633
2025-08-26T00:08:48,"Paris, France",3000,conformal_rt_tau1_anchor_primary,conformal_lane_tau1_anchor_1,6,152,989962.0,107336043.0,1.0,1.0,1.0,0,0.0092230156090252,/home/joschua/桌面/KaHIP/min_balanced_cut_road_networks_osm/result/Paris_France/conformal_rt_tau1_anchor_primary/2025-08-26/conformal_lane_tau1_anchor_1_run1_k6_a1.0_b1.0_g1.0.png,/home/joschua/桌面/KaHIP/min_balanced_cut_road_networks_osm/result/Paris_France/conformal_rt_tau1_anchor_primary/2025-08-26/conformal_lane_tau1_anchor_1_edges_partitions_k6.json,4.376461744308472
2025-08-26T00:08:53,"Paris, France",3000,conformal_rt_tau1_anchor_primary,conformal_lane_tau2_anchor_1,6,165,1171900.0,114696954.0,1.0,1.0,1.0,0,0.010217359390381021,/home/joschua/桌面/KaHIP/min_balanced_cut_road_networks_osm/result/Paris_France/conformal_rt_tau1_anchor_primary/2025-08-26/conformal_lane_tau2_anchor_1_run1_k6_a1.0_b1.0_g1.0.png,/home/joschua/桌面/KaHIP/min_balanced_cut_road_networks_osm/result/Paris_France/conformal_rt_tau1_anchor_primary/2025-08-26/conformal_lane_tau2_anchor_1_edges_partitions_k6.json,4.266621828079224
2025-08-26T00:08:58,"Paris, France",3000,conformal_rt_tau2_anchor_primary,more_lanes_heavier,6,151,1106008.0,126419038.0,1.0,1.0,1.0,0,0.008748745580550929,/home/joschua/桌面/KaHIP/min_balanced_cut_road_networks_osm/result/Paris_France/conformal_rt_tau2_anchor_primary/2025-08-26/more_lanes_heavier_run1_k6_a1.0_b1.0_g1.0.png,/home/joschua/桌面/KaHIP/min_balanced_cut_road_networks_osm/result/Paris_France/conformal_rt_tau2_anchor_primary/2025-08-26/more_lanes_heavier_edges_partitions_k6.json,4.3108837604522705
2025-08-26T00:09:04,"Paris, France",3000,conformal_rt_tau2_anchor_primary,conformal_lane_tau0.5_anchor_1,6,148,979325.0,122174984.0,1.0,1.0,1.0,0,0.008015757137320353,/home/joschua/桌面/KaHIP/min_balanced_cut_road_networks_osm/result/Paris_France/conformal_rt_tau2_anchor_primary/2025-08-26/conformal_lane_tau0.5_anchor_1_run1_k6_a1.0_b1.0_g1.0.png,/home/joschua/桌面/KaHIP/min_balanced_cut_road_networks_osm/result/Paris_France/conformal_rt_tau2_anchor_primary/2025-08-26/conformal_lane_tau0.5_anchor_1_edges_partitions_k6.json,4.270994186401367
2025-08-26T00:09:09,"Paris, France",3000,conformal_rt_tau2_anchor_primary,conformal_lane_tau1_anchor_1,6,151,1106008.0,126419038.0,1.0,1.0,1.0,0,0.008748745580550929,/home/joschua/桌面/KaHIP/min_balanced_cut_road_networks_osm/result/Paris_France/conformal_rt_tau2_anchor_primary/2025-08-26/conformal_lane_tau1_anchor_1_run1_k6_a1.0_b1.0_g1.0.png,/home/joschua/桌面/KaHIP/min_balanced_cut_road_networks_osm/result/Paris_France/conformal_rt_tau2_anchor_primary/2025-08-26/conformal_lane_tau1_anchor_1_edges_partitions_k6.json,4.303700685501099
2025-08-26T00:09:14,"Paris, France",3000,conformal_rt_tau2_anchor_primary,conformal_lane_tau2_anchor_1,6,165,1283214.0,132312339.0,1.0,1.0,1.0,0,0.00969836985498382,/home/joschua/桌面/KaHIP/min_balanced_cut_road_networks_osm/result/Paris_France/conformal_rt_tau2_anchor_primary/2025-08-26/conformal_lane_tau2_anchor_1_run1_k6_a1.0_b1.0_g1.0.png,/home/joschua/桌面/KaHIP/min_balanced_cut_road_networks_osm/result/Paris_France/conformal_rt_tau2_anchor_primary/2025-08-26/conformal_lane_tau2_anchor_1_edges_partitions_k6.json,4.294469833374023
2025-08-26T00:09:19,"Paris, France",3000,motorway1_rankup_1,more_lanes_heavier,6,150,1317346.0,142254874.0,1.0,1.0,1.0,1,0.009260463019354964,/home/joschua/桌面/KaHIP/min_balanced_cut_road_networks_osm/result/Paris_France/motorway1_rankup_1/2025-08-26/more_lanes_heavier_run1_k6_a1.0_b1.0_g1.0.png,/home/joschua/桌面/KaHIP/min_balanced_cut_road_networks_osm/result/Paris_France/motorway1_rankup_1/2025-08-26/more_lanes_heavier_edges_partitions_k6.json,4.237317085266113
2025-08-26T00:09:24,"Paris, France",3000,motorway1_rankup_1,conformal_lane_tau0.5_anchor_1,6,148,1248285.0,140414110.0,1.0,1.0,1.0,1,0.00889002536853312,/home/joschua/桌面/KaHIP/min_balanced_cut_road_networks_osm/result/Paris_France/motorway1_rankup_1/2025-08-26/conformal_lane_tau0.5_anchor_1_run1_k6_a1.0_b1.0_g1.0.png,/home/joschua/桌面/KaHIP/min_balanced_cut_road_networks_osm/result/Paris_France/motorway1_rankup_1/2025-08-26/conformal_lane_tau0.5_anchor_1_edges_partitions_k6.json,4.218373775482178
2025-08-26T00:09:29,"Paris, France",3000,motorway1_rankup_1,conformal_lane_tau1_anchor_1,6,150,1317346.0,142254874.0,1.0,1.0,1.0,1,0.009260463019354964,/home/joschua/桌面/KaHIP/min_balanced_cut_road_networks_osm/result/Paris_France/motorway1_rankup_1/2025-08-26/conformal_lane_tau1_anchor_1_run1_k6_a1.0_b1.0_g1.0.png,/home/joschua/桌面/KaHIP/min_balanced_cut_road_networks_osm/result/Paris_France/motorway1_rankup_1/2025-08-26/conformal_lane_tau1_anchor_1_edges_partitions_k6.json,4.2189881801605225
2025-08-26T00:09:35,"Paris, France",3000,motorway1_rankup_1,conformal_lane_tau2_anchor_1,6,159,1467795.0,143824645.0,1.0,1.0,1.0,1,0.010205448447308875,/home/joschua/桌面/KaHIP/min_balanced_cut_road_networks_osm/result/Paris_France/motorway1_rankup_1/2025-08-26/conformal_lane_tau2_anchor_1_run1_k6_a1.0_b1.0_g1.0.png,/home/joschua/桌面/KaHIP/min_balanced_cut_road_networks_osm/result/Paris_France/motorway1_rankup_1/2025-08-26/conformal_lane_tau2_anchor_1_edges_partitions_k6.json,4.297962188720703
2025-08-26T00:09:40,"Paris, France",3000,conformal_rt_tau0.5_anchor_primary,more_lanes_heavier,6,171,1016501.0,101222617.0,1.0,1.0,1.0,1,0.010042231964818692,/home/joschua/桌面/KaHIP/min_balanced_cut_road_networks_osm/result/Paris_France/conformal_rt_tau0.5_anchor_primary/2025-08-26/more_lanes_heavier_run1_k6_a1.0_b1.0_g1.0.png,/home/joschua/桌面/KaHIP/min_balanced_cut_road_networks_osm/result/Paris_France/conformal_rt_tau0.5_anchor_primary/2025-08-26/more_lanes_heavier_edges_partitions_k6.json,4.320221662521362
2025-08-26T00:09:45,"Paris, France",3000,conformal_rt_tau0.5_anchor_primary,conformal_lane_tau0.5_anchor_1,6,154,817951.0,96628860.0,1.0,1.0,1.0,1,0.008464872709871564,/home/joschua/桌面/KaHIP/min_balanced_cut_road_networks_osm/result/Paris_France/conformal_rt_tau0.5_anchor_primary/2025-08-26/conformal_lane_tau0.5_anchor_1_run1_k6_a1.0_b1.0_g1.0.png,/home/joschua/桌面/KaHIP/min_balanced_cut_road_networks_osm/result/Paris_France/conformal_rt_tau0.5_anchor_primary/2025-08-26/conformal_lane_tau0.5_anchor_1_edges_partitions_k6.json,4.273613214492798
2025-08-26T00:09:50,"Paris, France",3000,conformal_rt_tau0.5_anchor_primary,conformal_lane_tau1_anchor_1,6,171,1016501.0,101222617.0,1.0,1.0,1.0,1,0.010042231964818692,/home/joschua/桌面/KaHIP/min_balanced_cut_road_networks_osm/result/Paris_France/conformal_rt_tau0.5_anchor_primary/2025-08-26/conformal_lane_tau1_anchor_1_run1_k6_a1.0_b1.0_g1.0.png,/home/joschua/桌面/KaHIP/min_balanced_cut_road_networks_osm/result/Paris_France/conformal_rt_tau0.5_anchor_primary/2025-08-26/conformal_lane_tau1_anchor_1_edges_partitions_k6.json,4.275869607925415
2025-08-26T00:09:56,"Paris, France",3000,conformal_rt_tau0.5_anchor_primary,conformal_lane_tau2_anchor_1,6,179,1162780.0,108960278.0,1.0,1.0,1.0,1,0.010671595386348041,/home/joschua/桌面/KaHIP/min_balanced_cut_road_networks_osm/result/Paris_France/conformal_rt_tau0.5_anchor_primary/2025-08-26/conformal_lane_tau2_anchor_1_run1_k6_a1.0_b1.0_g1.0.png,/home/joschua/桌面/KaHIP/min_balanced_cut_road_networks_osm/result/Paris_France/conformal_rt_tau0.5_anchor_primary/2025-08-26/conformal_lane_tau2_anchor_1_edges_partitions_k6.json,4.305681943893433
2025-08-26T00:10:01,"Paris, France",3000,conformal_rt_tau1_anchor_primary,more_lanes_heavier,6,152,989962.0,107336043.0,1.0,1.0,1.0,1,0.0092230156090252,/home/joschua/桌面/KaHIP/min_balanced_cut_road_networks_osm/result/Paris_France/conformal_rt_tau1_anchor_primary/2025-08-26/more_lanes_heavier_run1_k6_a1.0_b1.0_g1.0.png,/home/joschua/桌面/KaHIP/min_balanced_cut_road_networks_osm/result/Paris_France/conformal_rt_tau1_anchor_primary/2025-08-26/more_lanes_heavier_edges_partitions_k6.json,4.285696744918823
2025-08-26T00:10:06,"Paris, France",3000,conformal_rt_tau1_anchor_primary,conformal_lane_tau0.5_anchor_1,6,157,885429.0,102777222.0,1.0,1.0,1.0,1,0.008615031451229533,/home/joschua/桌面/KaHIP/min_balanced_cut_road_networks_osm/result/Paris_France/conformal_rt_tau1_anchor_primary/2025-08-26/conformal_lane_tau0.5_anchor_1_run1_k6_a1.0_b1.0_g1.0.png,/home/joschua/桌面/KaHIP/min_balanced_cut_road_networks_osm/result/Paris_France/conformal_rt_tau1_anchor_primary/2025-08-26/conformal_lane_tau0.5_anchor_1_edges_partitions_k6.json,4.2780420780181885
2025-08-26T00:10:11,"Paris, France",3000,conformal_rt_tau1_anchor_primary,conformal_lane_tau1_anchor_1,6,152,989962.0,107336043.0,1.0,1.0,1.0,1,0.0092230156090252,/home/joschua/桌面/KaHIP/min_balanced_cut_road_networks_osm/result/Paris_France/conformal_rt_tau1_anchor_primary/2025-08-26/conformal_lane_tau1_anchor_1_run1_k6_a1.0_b1.0_g1.0.png,/home/joschua/桌面/KaHIP/min_balanced_cut_road_networks_osm/result/Paris_France/conformal_rt_tau1_anchor_primary/2025-08-26/conformal_lane_tau1_anchor_1_edges_partitions_k6.json,4.284848690032959
2025-08-26T00:10:16,"Paris, France",3000,conformal_rt_tau1_anchor_primary,conformal_lane_tau2_anchor_1,6,165,1171900.0,114696954.0,1.0,1.0,1.0,1,0.010217359390381021,/home/joschua/桌面/KaHIP/min_balanced_cut_road_networks_osm/result/Paris_France/conformal_rt_tau1_anchor_primary/2025-08-26/conformal_lane_tau2_anchor_1_run1_k6_a1.0_b1.0_g1.0.png,/home/joschua/桌面/KaHIP/min_balanced_cut_road_networks_osm/result/Paris_France/conformal_rt_tau1_anchor_primary/2025-08-26/conformal_lane_tau2_anchor_1_edges_partitions_k6.json,4.2988221645355225
2025-08-26T00:10:21,"Paris, France",3000,conformal_rt_tau2_anchor_primary,more_lanes_heavier,6,151,1106008.0,126419038.0,1.0,1.0,1.0,1,0.008748745580550929,/home/joschua/桌面/KaHIP/min_balanced_cut_road_networks_osm/result/Paris_France/conformal_rt_tau2_anchor_primary/2025-08-26/more_lanes_heavier_run1_k6_a1.0_b1.0_g1.0.png,/home/joschua/桌面/KaHIP/min_balanced_cut_road_networks_osm/result/Paris_France/conformal_rt_tau2_anchor_primary/2025-08-26/more_lanes_heavier_edges_partitions_k6.json,4.243137359619141
2025-08-26T00:10:27,"Paris, France",3000,conformal_rt_tau2_anchor_primary,conformal_lane_tau0.5_anchor_1,6,148,979325.0,122174984.0,1.0,1.0,1.0,1,0.008015757137320353,/home/joschua/桌面/KaHIP/min_balanced_cut_road_networks_osm/result/Paris_France/conformal_rt_tau2_anchor_primary/2025-08-26/conformal_lane_tau0.5_anchor_1_run1_k6_a1.0_b1.0_g1.0.png,/home/joschua/桌面/KaHIP/min_balanced_cut_road_networks_osm/result/Paris_France/conformal_rt_tau2_anchor_primary/2025-08-26/conformal_lane_tau0.5_anchor_1_edges_partitions_k6.json,4.302166223526001
2025-08-26T00:10:32,"Paris, France",3000,conformal_rt_tau2_anchor_primary,conformal_lane_tau1_anchor_1,6,151,1106008.0,126419038.0,1.0,1.0,1.0,1,0.008748745580550929,/home/joschua/桌面/KaHIP/min_balanced_cut_road_networks_osm/result/Paris_France/conformal_rt_tau2_anchor_primary/2025-08-26/conformal_lane_tau1_anchor_1_run1_k6_a1.0_b1.0_g1.0.png,/home/joschua/桌面/KaHIP/min_balanced_cut_road_networks_osm/result/Paris_France/conformal_rt_tau2_anchor_primary/2025-08-26/conformal_lane_tau1_anchor_1_edges_partitions_k6.json,4.277841329574585
2025-08-26T00:10:37,"Paris, France",3000,conformal_rt_tau2_anchor_primary,conformal_lane_tau2_anchor_1,6,165,1283214.0,132312339.0,1.0,1.0,1.0,1,0.00969836985498382,/home/joschua/桌面/KaHIP/min_balanced_cut_road_networks_osm/result/Paris_France/conformal_rt_tau2_anchor_primary/2025-08-26/conformal_lane_tau2_anchor_1_run1_k6_a1.0_b1.0_g1.0.png,/home/joschua/桌面/KaHIP/min_balanced_cut_road_networks_osm/result/Paris_France/conformal_rt_tau2_anchor_primary/2025-08-26/conformal_lane_tau2_anchor_1_edges_partitions_k6.json,4.275330305099487
2025-08-26T00:10:42,"Paris, France",3000,motorway1_rankup_1,more_lanes_heavier,6,150,1317346.0,142254874.0,1.0,1.0,1.0,2,0.009260463019354964,/home/joschua/桌面/KaHIP/min_balanced_cut_road_networks_osm/result/Paris_France/motorway1_rankup_1/2025-08-26/more_lanes_heavier_run1_k6_a1.0_b1.0_g1.0.png,/home/joschua/桌面/KaHIP/min_balanced_cut_road_networks_osm/result/Paris_France/motorway1_rankup_1/2025-08-26/more_lanes_heavier_edges_partitions_k6.json,4.246647834777832
2025-08-26T00:10:47,"Paris, France",3000,motorway1_rankup_1,conformal_lane_tau0.5_anchor_1,6,148,1248285.0,140414110.0,1.0,1.0,1.0,2,0.00889002536853312,/home/joschua/桌面/KaHIP/min_balanced_cut_road_networks_osm/result/Paris_France/motorway1_rankup_1/2025-08-26/conformal_lane_tau0.5_anchor_1_run1_k6_a1.0_b1.0_g1.0.png,/home/joschua/桌面/KaHIP/min_balanced_cut_road_networks_osm/result/Paris_France/motorway1_rankup_1/2025-08-26/conformal_lane_tau0.5_anchor_1_edges_partitions_k6.json,4.264698266983032
2025-08-26T00:10:53,"Paris, France",3000,motorway1_rankup_1,conformal_lane_tau1_anchor_1,6,150,1317346.0,142254874.0,1.0,1.0,1.0,2,0.009260463019354964,/home/joschua/桌面/KaHIP/min_balanced_cut_road_networks_osm/result/Paris_France/motorway1_rankup_1/2025-08-26/conformal_lane_tau1_anchor_1_run1_k6_a1.0_b1.0_g1.0.png,/home/joschua/桌面/KaHIP/min_balanced_cut_road_networks_osm/result/Paris_France/motorway1_rankup_1/2025-08-26/conformal_lane_tau1_anchor_1_edges_partitions_k6.json,4.348434209823608
2025-08-26T00:10:58,"Paris, France",3000,motorway1_rankup_1,conformal_lane_tau2_anchor_1,6,159,1467795.0,143824645.0,1.0,1.0,1.0,2,0.010205448447308875,/home/joschua/桌面/KaHIP/min_balanced_cut_road_networks_osm/result/Paris_France/motorway1_rankup_1/2025-08-26/conformal_lane_tau2_anchor_1_run1_k6_a1.0_b1.0_g1.0.png,/home/joschua/桌面/KaHIP/min_balanced_cut_road_networks_osm/result/Paris_France/motorway1_rankup_1/2025-08-26/conformal_lane_tau2_anchor_1_edges_partitions_k6.json,4.2352142333984375
2025-08-26T00:11:03,"Paris, France",3000,conformal_rt_tau0.5_anchor_primary,more_lanes_heavier,6,171,1016501.0,101222617.0,1.0,1.0,1.0,2,0.010042231964818692,/home/joschua/桌面/KaHIP/min_balanced_cut_road_networks_osm/result/Paris_France/conformal_rt_tau0.5_anchor_primary/2025-08-26/more_lanes_heavier_run1_k6_a1.0_b1.0_g1.0.png,/home/joschua/桌面/KaHIP/min_balanced_cut_road_networks_osm/result/Paris_France/conformal_rt_tau0.5_anchor_primary/2025-08-26/more_lanes_heavier_edges_partitions_k6.json,4.290757894515991
2025-08-26T00:11:08,"Paris, France",3000,conformal_rt_tau0.5_anchor_primary,conformal_lane_tau0.5_anchor_1,6,154,817951.0,96628860.0,1.0,1.0,1.0,2,0.008464872709871564,/home/joschua/桌面/KaHIP/min_balanced_cut_road_networks_osm/result/Paris_France/conformal_rt_tau0.5_anchor_primary/2025-08-26/conformal_lane_tau0.5_anchor_1_run1_k6_a1.0_b1.0_g1.0.png,/home/joschua/桌面/KaHIP/min_balanced_cut_road_networks_osm/result/Paris_France/conformal_rt_tau0.5_anchor_primary/2025-08-26/conformal_lane_tau0.5_anchor_1_edges_partitions_k6.json,4.297451496124268
2025-08-26T00:11:13,"Paris, France",3000,conformal_rt_tau0.5_anchor_primary,conformal_lane_tau1_anchor_1,6,171,1016501.0,101222617.0,1.0,1.0,1.0,2,0.010042231964818692,/home/joschua/桌面/KaHIP/min_balanced_cut_road_networks_osm/result/Paris_France/conformal_rt_tau0.5_anchor_primary/2025-08-26/conformal_lane_tau1_anchor_1_run1_k6_a1.0_b1.0_g1.0.png,/home/joschua/桌面/KaHIP/min_balanced_cut_road_networks_osm/result/Paris_France/conformal_rt_tau0.5_anchor_primary/2025-08-26/conformal_lane_tau1_anchor_1_edges_partitions_k6.json,4.268958568572998
2025-08-26T00:11:19,"Paris, France",3000,conformal_rt_tau0.5_anchor_primary,conformal_lane_tau2_anchor_1,6,179,1162780.0,108960278.0,1.0,1.0,1.0,2,0.010671595386348041,/home/joschua/桌面/KaHIP/min_balanced_cut_road_networks_osm/result/Paris_France/conformal_rt_tau0.5_anchor_primary/2025-08-26/conformal_lane_tau2_anchor_1_run1_k6_a1.0_b1.0_g1.0.png,/home/joschua/桌面/KaHIP/min_balanced_cut_road_networks_osm/result/Paris_France/conformal_rt_tau0.5_anchor_primary/2025-08-26/conformal_lane_tau2_anchor_1_edges_partitions_k6.json,4.318925857543945
2025-08-26T00:11:24,"Paris, France",3000,conformal_rt_tau1_anchor_primary,more_lanes_heavier,6,152,989962.0,107336043.0,1.0,1.0,1.0,2,0.0092230156090252,/home/joschua/桌面/KaHIP/min_balanced_cut_road_networks_osm/result/Paris_France/conformal_rt_tau1_anchor_primary/2025-08-26/more_lanes_heavier_run1_k6_a1.0_b1.0_g1.0.png,/home/joschua/桌面/KaHIP/min_balanced_cut_road_networks_osm/result/Paris_France/conformal_rt_tau1_anchor_primary/2025-08-26/more_lanes_heavier_edges_partitions_k6.json,4.289001941680908
2025-08-26T00:11:29,"Paris, France",3000,conformal_rt_tau1_anchor_primary,conformal_lane_tau0.5_anchor_1,6,157,885429.0,102777222.0,1.0,1.0,1.0,2,0.008615031451229533,/home/joschua/桌面/KaHIP/min_balanced_cut_road_networks_osm/result/Paris_France/conformal_rt_tau1_anchor_primary/2025-08-26/conformal_lane_tau0.5_anchor_1_run1_k6_a1.0_b1.0_g1.0.png,/home/joschua/桌面/KaHIP/min_balanced_cut_road_networks_osm/result/Paris_France/conformal_rt_tau1_anchor_primary/2025-08-26/conformal_lane_tau0.5_anchor_1_edges_partitions_k6.json,4.280821323394775
2025-08-26T00:11:34,"Paris, France",3000,conformal_rt_tau1_anchor_primary,conformal_lane_tau1_anchor_1,6,152,989962.0,107336043.0,1.0,1.0,1.0,2,0.0092230156090252,/home/joschua/桌面/KaHIP/min_balanced_cut_road_networks_osm/result/Paris_France/conformal_rt_tau1_anchor_primary/2025-08-26/conformal_lane_tau1_anchor_1_run1_k6_a1.0_b1.0_g1.0.png,/home/joschua/桌面/KaHIP/min_balanced_cut_road_networks_osm/result/Paris_France/conformal_rt_tau1_anchor_primary/2025-08-26/conformal_lane_tau1_anchor_1_edges_partitions_k6.json,4.312775373458862
2025-08-26T00:11:40,"Paris, France",3000,conformal_rt_tau1_anchor_primary,conformal_lane_tau2_anchor_1,6,165,1171900.0,114696954.0,1.0,1.0,1.0,2,0.010217359390381021,/home/joschua/桌面/KaHIP/min_balanced_cut_road_networks_osm/result/Paris_France/conformal_rt_tau1_anchor_primary/2025-08-26/conformal_lane_tau2_anchor_1_run1_k6_a1.0_b1.0_g1.0.png,/home/joschua/桌面/KaHIP/min_balanced_cut_road_networks_osm/result/Paris_France/conformal_rt_tau1_anchor_primary/2025-08-26/conformal_lane_tau2_anchor_1_edges_partitions_k6.json,4.269861459732056
2025-08-26T00:11:45,"Paris, France",3000,conformal_rt_tau2_anchor_primary,more_lanes_heavier,6,151,1106008.0,126419038.0,1.0,1.0,1.0,2,0.008748745580550929,/home/joschua/桌面/KaHIP/min_balanced_cut_road_networks_osm/result/Paris_France/conformal_rt_tau2_anchor_primary/2025-08-26/more_lanes_heavier_run1_k6_a1.0_b1.0_g1.0.png,/home/joschua/桌面/KaHIP/min_balanced_cut_road_networks_osm/result/Paris_France/conformal_rt_tau2_anchor_primary/2025-08-26/more_lanes_heavier_edges_partitions_k6.json,4.303421497344971
2025-08-26T00:11:50,"Paris, France",3000,conformal_rt_tau2_anchor_primary,conformal_lane_tau0.5_anchor_1,6,148,979325.0,122174984.0,1.0,1.0,1.0,2,0.008015757137320353,/home/joschua/桌面/KaHIP/min_balanced_cut_road_networks_osm/result/Paris_France/conformal_rt_tau2_anchor_primary/2025-08-26/conformal_lane_tau0.5_anchor_1_run1_k6_a1.0_b1.0_g1.0.png,/home/joschua/桌面/KaHIP/min_balanced_cut_road_networks_osm/result/Paris_France/conformal_rt_tau2_anchor_primary/2025-08-26/conformal_lane_tau0.5_anchor_1_edges_partitions_k6.json,4.290923833847046
2025-08-26T00:11:55,"Paris, France",3000,conformal_rt_tau2_anchor_primary,conformal_lane_tau1_anchor_1,6,151,1106008.0,126419038.0,1.0,1.0,1.0,2,0.008748745580550929,/home/joschua/桌面/KaHIP/min_balanced_cut_road_networks_osm/result/Paris_France/conformal_rt_tau2_anchor_primary/2025-08-26/conformal_lane_tau1_anchor_1_run1_k6_a1.0_b1.0_g1.0.png,/home/joschua/桌面/KaHIP/min_balanced_cut_road_networks_osm/result/Paris_France/conformal_rt_tau2_anchor_primary/2025-08-26/conformal_lane_tau1_anchor_1_edges_partitions_k6.json,4.291878700256348
2025-08-26T00:12:00,"Paris, France",3000,conformal_rt_tau2_anchor_primary,conformal_lane_tau2_anchor_1,6,165,1283214.0,132312339.0,1.0,1.0,1.0,2,0.00969836985498382,/home/joschua/桌面/KaHIP/min_balanced_cut_road_networks_osm/result/Paris_France/conformal_rt_tau2_anchor_primary/2025-08-26/conformal_lane_tau2_anchor_1_run1_k6_a1.0_b1.0_g1.0.png,/home/joschua/桌面/KaHIP/min_balanced_cut_road_networks_osm/result/Paris_France/conformal_rt_tau2_anchor_primary/2025-08-26/conformal_lane_tau2_anchor_1_edges_partitions_k6.json,4.25721549987793
2025-08-26T00:12:35,"London, UK",3000,motorway1_rankup_1,more_lanes_heavier,6,143,995068.0,1576401958.0,1.0,1.0,1.0,0,0.0006312273306628308,/home/joschua/桌面/KaHIP/min_balanced_cut_road_networks_osm/result/London_UK/motorway1_rankup_1/2025-08-26/more_lanes_heavier_run1_k6_a1.0_b1.0_g1.0.png,/home/joschua/桌面/KaHIP/min_balanced_cut_road_networks_osm/result/London_UK/motorway1_rankup_1/2025-08-26/more_lanes_heavier_edges_partitions_k6.json,33.48240065574646
2025-08-26T00:13:10,"London, UK",3000,motorway1_rankup_1,conformal_lane_tau0.5_anchor_1,6,123,861999.0,1565536352.0,1.0,1.0,1.0,0,0.0005506093799091802,/home/joschua/桌面/KaHIP/min_balanced_cut_road_networks_osm/result/London_UK/motorway1_rankup_1/2025-08-26/conformal_lane_tau0.5_anchor_1_run1_k6_a1.0_b1.0_g1.0.png,/home/joschua/桌面/KaHIP/min_balanced_cut_road_networks_osm/result/London_UK/motorway1_rankup_1/2025-08-26/conformal_lane_tau0.5_anchor_1_edges_partitions_k6.json,33.42912817001343
2025-08-26T00:13:46,"London, UK",3000,motorway1_rankup_1,conformal_lane_tau1_anchor_1,6,143,995068.0,1576401958.0,1.0,1.0,1.0,0,0.0006312273306628308,/home/joschua/桌面/KaHIP/min_balanced_cut_road_networks_osm/result/London_UK/motorway1_rankup_1/2025-08-26/conformal_lane_tau1_anchor_1_run1_k6_a1.0_b1.0_g1.0.png,/home/joschua/桌面/KaHIP/min_balanced_cut_road_networks_osm/result/London_UK/motorway1_rankup_1/2025-08-26/conformal_lane_tau1_anchor_1_edges_partitions_k6.json,33.48353862762451
2025-08-26T00:14:21,"London, UK",3000,motorway1_rankup_1,conformal_lane_tau2_anchor_1,6,149,1154557.0,1588576379.0,1.0,1.0,1.0,0,0.0007267872135470044,/home/joschua/桌面/KaHIP/min_balanced_cut_road_networks_osm/result/London_UK/motorway1_rankup_1/2025-08-26/conformal_lane_tau2_anchor_1_run1_k6_a1.0_b1.0_g1.0.png,/home/joschua/桌面/KaHIP/min_balanced_cut_road_networks_osm/result/London_UK/motorway1_rankup_1/2025-08-26/conformal_lane_tau2_anchor_1_edges_partitions_k6.json,33.63903021812439
2025-08-26T00:14:57,"London, UK",3000,conformal_rt_tau0.5_anchor_primary,more_lanes_heavier,6,132,676068.0,1086914913.0,1.0,1.0,1.0,0,0.0006220063704287402,/home/joschua/桌面/KaHIP/min_balanced_cut_road_networks_osm/result/London_UK/conformal_rt_tau0.5_anchor_primary/2025-08-26/more_lanes_heavier_run1_k6_a1.0_b1.0_g1.0.png,/home/joschua/桌面/KaHIP/min_balanced_cut_road_networks_osm/result/London_UK/conformal_rt_tau0.5_anchor_primary/2025-08-26/more_lanes_heavier_edges_partitions_k6.json,33.370527029037476
2025-08-26T00:15:32,"London, UK",3000,conformal_rt_tau0.5_anchor_primary,conformal_lane_tau0.5_anchor_1,6,135,665774.0,1066926845.0,1.0,1.0,1.0,0,0.0006240109180119093,/home/joschua/桌面/KaHIP/min_balanced_cut_road_networks_osm/result/London_UK/conformal_rt_tau0.5_anchor_primary/2025-08-26/conformal_lane_tau0.5_anchor_1_run1_k6_a1.0_b1.0_g1.0.png,/home/joschua/桌面/KaHIP/min_balanced_cut_road_networks_osm/result/London_UK/conformal_rt_tau0.5_anchor_primary/2025-08-26/conformal_lane_tau0.5_anchor_1_edges_partitions_k6.json,33.431644916534424
2025-08-26T00:16:08,"London, UK",3000,conformal_rt_tau0.5_anchor_primary,conformal_lane_tau1_anchor_1,6,132,676068.0,1086914913.0,1.0,1.0,1.0,0,0.0006220063704287402,/home/joschua/桌面/KaHIP/min_balanced_cut_road_networks_osm/result/London_UK/conformal_rt_tau0.5_anchor_primary/2025-08-26/conformal_lane_tau1_anchor_1_run1_k6_a1.0_b1.0_g1.0.png,/home/joschua/桌面/KaHIP/min_balanced_cut_road_networks_osm/result/London_UK/conformal_rt_tau0.5_anchor_primary/2025-08-26/conformal_lane_tau1_anchor_1_edges_partitions_k6.json,33.25971007347107
2025-08-26T00:16:43,"London, UK",3000,conformal_rt_tau0.5_anchor_primary,conformal_lane_tau2_anchor_1,6,158,901485.0,1140300544.0,1.0,1.0,1.0,0,0.0007905678943532977,/home/joschua/桌面/KaHIP/min_balanced_cut_road_networks_osm/result/London_UK/conformal_rt_tau0.5_anchor_primary/2025-08-26/conformal_lane_tau2_anchor_1_run1_k6_a1.0_b1.0_g1.0.png,/home/joschua/桌面/KaHIP/min_balanced_cut_road_networks_osm/result/London_UK/conformal_rt_tau0.5_anchor_primary/2025-08-26/conformal_lane_tau2_anchor_1_edges_partitions_k6.json,33.5851194858551
2025-08-26T00:17:19,"London, UK",3000,conformal_rt_tau1_anchor_primary,more_lanes_heavier,6,133,666339.0,1166475620.0,1.0,1.0,1.0,0,0.0005712412574898051,/home/joschua/桌面/KaHIP/min_balanced_cut_road_networks_osm/result/London_UK/conformal_rt_tau1_anchor_primary/2025-08-26/more_lanes_heavier_run1_k6_a1.0_b1.0_g1.0.png,/home/joschua/桌面/KaHIP/min_balanced_cut_road_networks_osm/result/London_UK/conformal_rt_tau1_anchor_primary/2025-08-26/more_lanes_heavier_edges_partitions_k6.json,33.52377796173096
2025-08-26T00:17:54,"London, UK",3000,conformal_rt_tau1_anchor_primary,conformal_lane_tau0.5_anchor_1,6,140,657331.0,1146515020.0,1.0,1.0,1.0,0,0.0005733296019096199,/home/joschua/桌面/KaHIP/min_balanced_cut_road_networks_osm/result/London_UK/conformal_rt_tau1_anchor_primary/2025-08-26/conformal_lane_tau0.5_anchor_1_run1_k6_a1.0_b1.0_g1.0.png,/home/joschua/桌面/KaHIP/min_balanced_cut_road_networks_osm/result/London_UK/conformal_rt_tau1_anchor_primary/2025-08-26/conformal_lane_tau0.5_anchor_1_edges_partitions_k6.json,33.145808696746826
2025-08-26T00:18:30,"London, UK",3000,conformal_rt_tau1_anchor_primary,conformal_lane_tau1_anchor_1,6,133,666339.0,1166475620.0,1.0,1.0,1.0,0,0.0005712412574898051,/home/joschua/桌面/KaHIP/min_balanced_cut_road_networks_osm/result/London_UK/conformal_rt_tau1_anchor_primary/2025-08-26/conformal_lane_tau1_anchor_1_run1_k6_a1.0_b1.0_g1.0.png,/home/joschua/桌面/KaHIP/min_balanced_cut_road_networks_osm/result/London_UK/conformal_rt_tau1_anchor_primary/2025-08-26/conformal_lane_tau1_anchor_1_edges_partitions_k6.json,33.36115765571594
2025-08-26T00:19:05,"London, UK",3000,conformal_rt_tau1_anchor_primary,conformal_lane_tau2_anchor_1,6,155,905230.0,1216932303.0,1.0,1.0,1.0,0,0.0007438622491722943,/home/joschua/桌面/KaHIP/min_balanced_cut_road_networks_osm/result/London_UK/conformal_rt_tau1_anchor_primary/2025-08-26/conformal_lane_tau2_anchor_1_run1_k6_a1.0_b1.0_g1.0.png,/home/joschua/桌面/KaHIP/min_balanced_cut_road_networks_osm/result/London_UK/conformal_rt_tau1_anchor_primary/2025-08-26/conformal_lane_tau2_anchor_1_edges_partitions_k6.json,33.27034521102905
2025-08-26T00:19:41,"London, UK",3000,conformal_rt_tau2_anchor_primary,more_lanes_heavier,6,134,709924.0,1411135318.0,1.0,1.0,1.0,0,0.0005030871178294753,/home/joschua/桌面/KaHIP/min_balanced_cut_road_networks_osm/result/London_UK/conformal_rt_tau2_anchor_primary/2025-08-26/more_lanes_heavier_run1_k6_a1.0_b1.0_g1.0.png,/home/joschua/桌面/KaHIP/min_balanced_cut_road_networks_osm/result/London_UK/conformal_rt_tau2_anchor_primary/2025-08-26/more_lanes_heavier_edges_partitions_k6.json,33.42859888076782
2025-08-26T00:20:16,"London, UK",3000,conformal_rt_tau2_anchor_primary,conformal_lane_tau0.5_anchor_1,6,146,744772.0,1393387518.0,1.0,1.0,1.0,0,0.0005345045727616457,/home/joschua/桌面/KaHIP/min_balanced_cut_road_networks_osm/result/London_UK/conformal_rt_tau2_anchor_primary/2025-08-26/conformal_lane_tau0.5_anchor_1_run1_k6_a1.0_b1.0_g1.0.png,/home/joschua/桌面/KaHIP/min_balanced_cut_road_networks_osm/result/London_UK/conformal_rt_tau2_anchor_primary/2025-08-26/conformal_lane_tau0.5_anchor_1_edges_partitions_k6.json,33.0712251663208
2025-08-26T00:20:51,"London, UK",3000,conformal_rt_tau2_anchor_primary,conformal_lane_tau1_anchor_1,6,134,709924.0,1411135318.0,1.0,1.0,1.0,0,0.0005030871178294753,/home/joschua/桌面/KaHIP/min_balanced_cut_road_networks_osm/result/London_UK/conformal_rt_tau2_anchor_primary/2025-08-26/conformal_lane_tau1_anchor_1_run1_k6_a1.0_b1.0_g1.0.png,/home/joschua/桌面/KaHIP/min_balanced_cut_road_networks_osm/result/London_UK/conformal_rt_tau2_anchor_primary/2025-08-26/conformal_lane_tau1_anchor_1_edges_partitions_k6.json,33.28787899017334
2025-08-26T00:21:27,"London, UK",3000,conformal_rt_tau2_anchor_primary,conformal_lane_tau2_anchor_1,6,170,974116.0,1448339138.0,1.0,1.0,1.0,0,0.0006725745196288413,/home/joschua/桌面/KaHIP/min_balanced_cut_road_networks_osm/result/London_UK/conformal_rt_tau2_anchor_primary/2025-08-26/conformal_lane_tau2_anchor_1_run1_k6_a1.0_b1.0_g1.0.png,/home/joschua/桌面/KaHIP/min_balanced_cut_road_networks_osm/result/London_UK/conformal_rt_tau2_anchor_primary/2025-08-26/conformal_lane_tau2_anchor_1_edges_partitions_k6.json,33.45591998100281
2025-08-26T00:22:03,"London, UK",3000,motorway1_rankup_1,more_lanes_heavier,6,143,995068.0,1576401958.0,1.0,1.0,1.0,1,0.0006312273306628308,/home/joschua/桌面/KaHIP/min_balanced_cut_road_networks_osm/result/London_UK/motorway1_rankup_1/2025-08-26/more_lanes_heavier_run1_k6_a1.0_b1.0_g1.0.png,/home/joschua/桌面/KaHIP/min_balanced_cut_road_networks_osm/result/London_UK/motorway1_rankup_1/2025-08-26/more_lanes_heavier_edges_partitions_k6.json,33.937867403030396
2025-08-26T00:22:38,"London, UK",3000,motorway1_rankup_1,conformal_lane_tau0.5_anchor_1,6,123,861999.0,1565536352.0,1.0,1.0,1.0,1,0.0005506093799091802,/home/joschua/桌面/KaHIP/min_balanced_cut_road_networks_osm/result/London_UK/motorway1_rankup_1/2025-08-26/conformal_lane_tau0.5_anchor_1_run1_k6_a1.0_b1.0_g1.0.png,/home/joschua/桌面/KaHIP/min_balanced_cut_road_networks_osm/result/London_UK/motorway1_rankup_1/2025-08-26/conformal_lane_tau0.5_anchor_1_edges_partitions_k6.json,33.55395269393921
2025-08-26T00:23:14,"London, UK",3000,motorway1_rankup_1,conformal_lane_tau1_anchor_1,6,143,995068.0,1576401958.0,1.0,1.0,1.0,1,0.0006312273306628308,/home/joschua/桌面/KaHIP/min_balanced_cut_road_networks_osm/result/London_UK/motorway1_rankup_1/2025-08-26/conformal_lane_tau1_anchor_1_run1_k6_a1.0_b1.0_g1.0.png,/home/joschua/桌面/KaHIP/min_balanced_cut_road_networks_osm/result/London_UK/motorway1_rankup_1/2025-08-26/conformal_lane_tau1_anchor_1_edges_partitions_k6.json,33.47949242591858
2025-08-26T00:23:49,"London, UK",3000,motorway1_rankup_1,conformal_lane_tau2_anchor_1,6,149,1154557.0,1588576379.0,1.0,1.0,1.0,1,0.0007267872135470044,/home/joschua/桌面/KaHIP/min_balanced_cut_road_networks_osm/result/London_UK/motorway1_rankup_1/2025-08-26/conformal_lane_tau2_anchor_1_run1_k6_a1.0_b1.0_g1.0.png,/home/joschua/桌面/KaHIP/min_balanced_cut_road_networks_osm/result/London_UK/motorway1_rankup_1/2025-08-26/conformal_lane_tau2_anchor_1_edges_partitions_k6.json,33.3088002204895
2025-08-26T00:24:25,"London, UK",3000,conformal_rt_tau0.5_anchor_primary,more_lanes_heavier,6,132,676068.0,1086914913.0,1.0,1.0,1.0,1,0.0006220063704287402,/home/joschua/桌面/KaHIP/min_balanced_cut_road_networks_osm/result/London_UK/conformal_rt_tau0.5_anchor_primary/2025-08-26/more_lanes_heavier_run1_k6_a1.0_b1.0_g1.0.png,/home/joschua/桌面/KaHIP/min_balanced_cut_road_networks_osm/result/London_UK/conformal_rt_tau0.5_anchor_primary/2025-08-26/more_lanes_heavier_edges_partitions_k6.json,33.44240188598633
2025-08-26T00:25:00,"London, UK",3000,conformal_rt_tau0.5_anchor_primary,conformal_lane_tau0.5_anchor_1,6,135,665774.0,1066926845.0,1.0,1.0,1.0,1,0.0006240109180119093,/home/joschua/桌面/KaHIP/min_balanced_cut_road_networks_osm/result/London_UK/conformal_rt_tau0.5_anchor_primary/2025-08-26/conformal_lane_tau0.5_anchor_1_run1_k6_a1.0_b1.0_g1.0.png,/home/joschua/桌面/KaHIP/min_balanced_cut_road_networks_osm/result/London_UK/conformal_rt_tau0.5_anchor_primary/2025-08-26/conformal_lane_tau0.5_anchor_1_edges_partitions_k6.json,33.595885038375854
2025-08-26T00:25:37,"London, UK",3000,conformal_rt_tau0.5_anchor_primary,conformal_lane_tau1_anchor_1,6,132,676068.0,1086914913.0,1.0,1.0,1.0,1,0.0006220063704287402,/home/joschua/桌面/KaHIP/min_balanced_cut_road_networks_osm/result/London_UK/conformal_rt_tau0.5_anchor_primary/2025-08-26/conformal_lane_tau1_anchor_1_run1_k6_a1.0_b1.0_g1.0.png,/home/joschua/桌面/KaHIP/min_balanced_cut_road_networks_osm/result/London_UK/conformal_rt_tau0.5_anchor_primary/2025-08-26/conformal_lane_tau1_anchor_1_edges_partitions_k6.json,34.28862929344177
2025-08-26T00:26:12,"London, UK",3000,conformal_rt_tau0.5_anchor_primary,conformal_lane_tau2_anchor_1,6,158,901485.0,1140300544.0,1.0,1.0,1.0,1,0.0007905678943532977,/home/joschua/桌面/KaHIP/min_balanced_cut_road_networks_osm/result/London_UK/conformal_rt_tau0.5_anchor_primary/2025-08-26/conformal_lane_tau2_anchor_1_run1_k6_a1.0_b1.0_g1.0.png,/home/joschua/桌面/KaHIP/min_balanced_cut_road_networks_osm/result/London_UK/conformal_rt_tau0.5_anchor_primary/2025-08-26/conformal_lane_tau2_anchor_1_edges_partitions_k6.json,33.4379997253418
2025-08-26T00:26:48,"London, UK",3000,conformal_rt_tau1_anchor_primary,more_lanes_heavier,6,133,666339.0,1166475620.0,1.0,1.0,1.0,1,0.0005712412574898051,/home/joschua/桌面/KaHIP/min_balanced_cut_road_networks_osm/result/London_UK/conformal_rt_tau1_anchor_primary/2025-08-26/more_lanes_heavier_run1_k6_a1.0_b1.0_g1.0.png,/home/joschua/桌面/KaHIP/min_balanced_cut_road_networks_osm/result/London_UK/conformal_rt_tau1_anchor_primary/2025-08-26/more_lanes_heavier_edges_partitions_k6.json,33.20650887489319
2025-08-26T00:27:23,"London, UK",3000,conformal_rt_tau1_anchor_primary,conformal_lane_tau0.5_anchor_1,6,140,657331.0,1146515020.0,1.0,1.0,1.0,1,0.0005733296019096199,/home/joschua/桌面/KaHIP/min_balanced_cut_road_networks_osm/result/London_UK/conformal_rt_tau1_anchor_primary/2025-08-26/conformal_lane_tau0.5_anchor_1_run1_k6_a1.0_b1.0_g1.0.png,/home/joschua/桌面/KaHIP/min_balanced_cut_road_networks_osm/result/London_UK/conformal_rt_tau1_anchor_primary/2025-08-26/conformal_lane_tau0.5_anchor_1_edges_partitions_k6.json,33.45353293418884
2025-08-26T00:27:58,"London, UK",3000,conformal_rt_tau1_anchor_primary,conformal_lane_tau1_anchor_1,6,133,666339.0,1166475620.0,1.0,1.0,1.0,1,0.0005712412574898051,/home/joschua/桌面/KaHIP/min_balanced_cut_road_networks_osm/result/London_UK/conformal_rt_tau1_anchor_primary/2025-08-26/conformal_lane_tau1_anchor_1_run1_k6_a1.0_b1.0_g1.0.png,/home/joschua/桌面/KaHIP/min_balanced_cut_road_networks_osm/result/London_UK/conformal_rt_tau1_anchor_primary/2025-08-26/conformal_lane_tau1_anchor_1_edges_partitions_k6.json,33.234041929244995
2025-08-26T00:28:34,"London, UK",3000,conformal_rt_tau1_anchor_primary,conformal_lane_tau2_anchor_1,6,155,905230.0,1216932303.0,1.0,1.0,1.0,1,0.0007438622491722943,/home/joschua/桌面/KaHIP/min_balanced_cut_road_networks_osm/result/London_UK/conformal_rt_tau1_anchor_primary/2025-08-26/conformal_lane_tau2_anchor_1_run1_k6_a1.0_b1.0_g1.0.png,/home/joschua/桌面/KaHIP/min_balanced_cut_road_networks_osm/result/London_UK/conformal_rt_tau1_anchor_primary/2025-08-26/conformal_lane_tau2_anchor_1_edges_partitions_k6.json,33.63143277168274
2025-08-26T00:29:10,"London, UK",3000,conformal_rt_tau2_anchor_primary,more_lanes_heavier,6,134,709924.0,1411135318.0,1.0,1.0,1.0,1,0.0005030871178294753,/home/joschua/桌面/KaHIP/min_balanced_cut_road_networks_osm/result/London_UK/conformal_rt_tau2_anchor_primary/2025-08-26/more_lanes_heavier_run1_k6_a1.0_b1.0_g1.0.png,/home/joschua/桌面/KaHIP/min_balanced_cut_road_networks_osm/result/London_UK/conformal_rt_tau2_anchor_primary/2025-08-26/more_lanes_heavier_edges_partitions_k6.json,33.53796696662903
2025-08-26T00:29:47,"London, UK",3000,conformal_rt_tau2_anchor_primary,conformal_lane_tau0.5_anchor_1,6,146,744772.0,1393387518.0,1.0,1.0,1.0,1,0.0005345045727616457,/home/joschua/桌面/KaHIP/min_balanced_cut_road_networks_osm/result/London_UK/conformal_rt_tau2_anchor_primary/2025-08-26/conformal_lane_tau0.5_anchor_1_run1_k6_a1.0_b1.0_g1.0.png,/home/joschua/桌面/KaHIP/min_balanced_cut_road_networks_osm/result/London_UK/conformal_rt_tau2_anchor_primary/2025-08-26/conformal_lane_tau0.5_anchor_1_edges_partitions_k6.json,34.62543869018555
2025-08-26T00:30:22,"London, UK",3000,conformal_rt_tau2_anchor_primary,conformal_lane_tau1_anchor_1,6,134,709924.0,1411135318.0,1.0,1.0,1.0,1,0.0005030871178294753,/home/joschua/桌面/KaHIP/min_balanced_cut_road_networks_osm/result/London_UK/conformal_rt_tau2_anchor_primary/2025-08-26/conformal_lane_tau1_anchor_1_run1_k6_a1.0_b1.0_g1.0.png,/home/joschua/桌面/KaHIP/min_balanced_cut_road_networks_osm/result/London_UK/conformal_rt_tau2_anchor_primary/2025-08-26/conformal_lane_tau1_anchor_1_edges_partitions_k6.json,33.60527849197388
2025-08-26T00:30:58,"London, UK",3000,conformal_rt_tau2_anchor_primary,conformal_lane_tau2_anchor_1,6,170,974116.0,1448339138.0,1.0,1.0,1.0,1,0.0006725745196288413,/home/joschua/桌面/KaHIP/min_balanced_cut_road_networks_osm/result/London_UK/conformal_rt_tau2_anchor_primary/2025-08-26/conformal_lane_tau2_anchor_1_run1_k6_a1.0_b1.0_g1.0.png,/home/joschua/桌面/KaHIP/min_balanced_cut_road_networks_osm/result/London_UK/conformal_rt_tau2_anchor_primary/2025-08-26/conformal_lane_tau2_anchor_1_edges_partitions_k6.json,33.33303451538086
2025-08-26T00:31:33,"London, UK",3000,motorway1_rankup_1,more_lanes_heavier,6,143,995068.0,1576401958.0,1.0,1.0,1.0,2,0.0006312273306628308,/home/joschua/桌面/KaHIP/min_balanced_cut_road_networks_osm/result/London_UK/motorway1_rankup_1/2025-08-26/more_lanes_heavier_run1_k6_a1.0_b1.0_g1.0.png,/home/joschua/桌面/KaHIP/min_balanced_cut_road_networks_osm/result/London_UK/motorway1_rankup_1/2025-08-26/more_lanes_heavier_edges_partitions_k6.json,33.74057745933533
2025-08-26T00:32:09,"London, UK",3000,motorway1_rankup_1,conformal_lane_tau0.5_anchor_1,6,123,861999.0,1565536352.0,1.0,1.0,1.0,2,0.0005506093799091802,/home/joschua/桌面/KaHIP/min_balanced_cut_road_networks_osm/result/London_UK/motorway1_rankup_1/2025-08-26/conformal_lane_tau0.5_anchor_1_run1_k6_a1.0_b1.0_g1.0.png,/home/joschua/桌面/KaHIP/min_balanced_cut_road_networks_osm/result/London_UK/motorway1_rankup_1/2025-08-26/conformal_lane_tau0.5_anchor_1_edges_partitions_k6.json,33.4030659198761
2025-08-26T00:32:44,"London, UK",3000,motorway1_rankup_1,conformal_lane_tau1_anchor_1,6,143,995068.0,1576401958.0,1.0,1.0,1.0,2,0.0006312273306628308,/home/joschua/桌面/KaHIP/min_balanced_cut_road_networks_osm/result/London_UK/motorway1_rankup_1/2025-08-26/conformal_lane_tau1_anchor_1_run1_k6_a1.0_b1.0_g1.0.png,/home/joschua/桌面/KaHIP/min_balanced_cut_road_networks_osm/result/London_UK/motorway1_rankup_1/2025-08-26/conformal_lane_tau1_anchor_1_edges_partitions_k6.json,33.29423546791077
2025-08-26T00:33:20,"London, UK",3000,motorway1_rankup_1,conformal_lane_tau2_anchor_1,6,149,1154557.0,1588576379.0,1.0,1.0,1.0,2,0.0007267872135470044,/home/joschua/桌面/KaHIP/min_balanced_cut_road_networks_osm/result/London_UK/motorway1_rankup_1/2025-08-26/conformal_lane_tau2_anchor_1_run1_k6_a1.0_b1.0_g1.0.png,/home/joschua/桌面/KaHIP/min_balanced_cut_road_networks_osm/result/London_UK/motorway1_rankup_1/2025-08-26/conformal_lane_tau2_anchor_1_edges_partitions_k6.json,33.3349666595459
2025-08-26T00:33:55,"London, UK",3000,conformal_rt_tau0.5_anchor_primary,more_lanes_heavier,6,132,676068.0,1086914913.0,1.0,1.0,1.0,2,0.0006220063704287402,/home/joschua/桌面/KaHIP/min_balanced_cut_road_networks_osm/result/London_UK/conformal_rt_tau0.5_anchor_primary/2025-08-26/more_lanes_heavier_run1_k6_a1.0_b1.0_g1.0.png,/home/joschua/桌面/KaHIP/min_balanced_cut_road_networks_osm/result/London_UK/conformal_rt_tau0.5_anchor_primary/2025-08-26/more_lanes_heavier_edges_partitions_k6.json,33.33691453933716
2025-08-26T00:34:31,"London, UK",3000,conformal_rt_tau0.5_anchor_primary,conformal_lane_tau0.5_anchor_1,6,135,665774.0,1066926845.0,1.0,1.0,1.0,2,0.0006240109180119093,/home/joschua/桌面/KaHIP/min_balanced_cut_road_networks_osm/result/London_UK/conformal_rt_tau0.5_anchor_primary/2025-08-26/conformal_lane_tau0.5_anchor_1_run1_k6_a1.0_b1.0_g1.0.png,/home/joschua/桌面/KaHIP/min_balanced_cut_road_networks_osm/result/London_UK/conformal_rt_tau0.5_anchor_primary/2025-08-26/conformal_lane_tau0.5_anchor_1_edges_partitions_k6.json,33.347708225250244
2025-08-26T00:35:07,"London, UK",3000,conformal_rt_tau0.5_anchor_primary,conformal_lane_tau1_anchor_1,6,132,676068.0,1086914913.0,1.0,1.0,1.0,2,0.0006220063704287402,/home/joschua/桌面/KaHIP/min_balanced_cut_road_networks_osm/result/London_UK/conformal_rt_tau0.5_anchor_primary/2025-08-26/conformal_lane_tau1_anchor_1_run1_k6_a1.0_b1.0_g1.0.png,/home/joschua/桌面/KaHIP/min_balanced_cut_road_networks_osm/result/London_UK/conformal_rt_tau0.5_anchor_primary/2025-08-26/conformal_lane_tau1_anchor_1_edges_partitions_k6.json,33.91693139076233
2025-08-26T00:35:42,"London, UK",3000,conformal_rt_tau0.5_anchor_primary,conformal_lane_tau2_anchor_1,6,158,901485.0,1140300544.0,1.0,1.0,1.0,2,0.0007905678943532977,/home/joschua/桌面/KaHIP/min_balanced_cut_road_networks_osm/result/London_UK/conformal_rt_tau0.5_anchor_primary/2025-08-26/conformal_lane_tau2_anchor_1_run1_k6_a1.0_b1.0_g1.0.png,/home/joschua/桌面/KaHIP/min_balanced_cut_road_networks_osm/result/London_UK/conformal_rt_tau0.5_anchor_primary/2025-08-26/conformal_lane_tau2_anchor_1_edges_partitions_k6.json,33.29527521133423
2025-08-26T00:36:17,"London, UK",3000,conformal_rt_tau1_anchor_primary,more_lanes_heavier,6,133,666339.0,1166475620.0,1.0,1.0,1.0,2,0.0005712412574898051,/home/joschua/桌面/KaHIP/min_balanced_cut_road_networks_osm/result/London_UK/conformal_rt_tau1_anchor_primary/2025-08-26/more_lanes_heavier_run1_k6_a1.0_b1.0_g1.0.png,/home/joschua/桌面/KaHIP/min_balanced_cut_road_networks_osm/result/London_UK/conformal_rt_tau1_anchor_primary/2025-08-26/more_lanes_heavier_edges_partitions_k6.json,33.43293213844299
2025-08-26T00:36:53,"London, UK",3000,conformal_rt_tau1_anchor_primary,conformal_lane_tau0.5_anchor_1,6,140,657331.0,1146515020.0,1.0,1.0,1.0,2,0.0005733296019096199,/home/joschua/桌面/KaHIP/min_balanced_cut_road_networks_osm/result/London_UK/conformal_rt_tau1_anchor_primary/2025-08-26/conformal_lane_tau0.5_anchor_1_run1_k6_a1.0_b1.0_g1.0.png,/home/joschua/桌面/KaHIP/min_balanced_cut_road_networks_osm/result/London_UK/conformal_rt_tau1_anchor_primary/2025-08-26/conformal_lane_tau0.5_anchor_1_edges_partitions_k6.json,33.49011182785034
2025-08-26T00:37:28,"London, UK",3000,conformal_rt_tau1_anchor_primary,conformal_lane_tau1_anchor_1,6,133,666339.0,1166475620.0,1.0,1.0,1.0,2,0.0005712412574898051,/home/joschua/桌面/KaHIP/min_balanced_cut_road_networks_osm/result/London_UK/conformal_rt_tau1_anchor_primary/2025-08-26/conformal_lane_tau1_anchor_1_run1_k6_a1.0_b1.0_g1.0.png,/home/joschua/桌面/KaHIP/min_balanced_cut_road_networks_osm/result/London_UK/conformal_rt_tau1_anchor_primary/2025-08-26/conformal_lane_tau1_anchor_1_edges_partitions_k6.json,32.9977765083313
2025-08-26T00:38:03,"London, UK",3000,conformal_rt_tau1_anchor_primary,conformal_lane_tau2_anchor_1,6,155,905230.0,1216932303.0,1.0,1.0,1.0,2,0.0007438622491722943,/home/joschua/桌面/KaHIP/min_balanced_cut_road_networks_osm/result/London_UK/conformal_rt_tau1_anchor_primary/2025-08-26/conformal_lane_tau2_anchor_1_run1_k6_a1.0_b1.0_g1.0.png,/home/joschua/桌面/KaHIP/min_balanced_cut_road_networks_osm/result/London_UK/conformal_rt_tau1_anchor_primary/2025-08-26/conformal_lane_tau2_anchor_1_edges_partitions_k6.json,33.305320739746094
2025-08-26T00:38:39,"London, UK",3000,conformal_rt_tau2_anchor_primary,more_lanes_heavier,6,134,709924.0,1411135318.0,1.0,1.0,1.0,2,0.0005030871178294753,/home/joschua/桌面/KaHIP/min_balanced_cut_road_networks_osm/result/London_UK/conformal_rt_tau2_anchor_primary/2025-08-26/more_lanes_heavier_run1_k6_a1.0_b1.0_g1.0.png,/home/joschua/桌面/KaHIP/min_balanced_cut_road_networks_osm/result/London_UK/conformal_rt_tau2_anchor_primary/2025-08-26/more_lanes_heavier_edges_partitions_k6.json,33.49173545837402
2025-08-26T00:39:14,"London, UK",3000,conformal_rt_tau2_anchor_primary,conformal_lane_tau0.5_anchor_1,6,146,744772.0,1393387518.0,1.0,1.0,1.0,2,0.0005345045727616457,/home/joschua/桌面/KaHIP/min_balanced_cut_road_networks_osm/result/London_UK/conformal_rt_tau2_anchor_primary/2025-08-26/conformal_lane_tau0.5_anchor_1_run1_k6_a1.0_b1.0_g1.0.png,/home/joschua/桌面/KaHIP/min_balanced_cut_road_networks_osm/result/London_UK/conformal_rt_tau2_anchor_primary/2025-08-26/conformal_lane_tau0.5_anchor_1_edges_partitions_k6.json,33.25187706947327
2025-08-26T00:39:50,"London, UK",3000,conformal_rt_tau2_anchor_primary,conformal_lane_tau1_anchor_1,6,134,709924.0,1411135318.0,1.0,1.0,1.0,2,0.0005030871178294753,/home/joschua/桌面/KaHIP/min_balanced_cut_road_networks_osm/result/London_UK/conformal_rt_tau2_anchor_primary/2025-08-26/conformal_lane_tau1_anchor_1_run1_k6_a1.0_b1.0_g1.0.png,/home/joschua/桌面/KaHIP/min_balanced_cut_road_networks_osm/result/London_UK/conformal_rt_tau2_anchor_primary/2025-08-26/conformal_lane_tau1_anchor_1_edges_partitions_k6.json,33.41081619262695
2025-08-26T00:40:25,"London, UK",3000,conformal_rt_tau2_anchor_primary,conformal_lane_tau2_anchor_1,6,170,974116.0,1448339138.0,1.0,1.0,1.0,2,0.0006725745196288413,/home/joschua/桌面/KaHIP/min_balanced_cut_road_networks_osm/result/London_UK/conformal_rt_tau2_anchor_primary/2025-08-26/conformal_lane_tau2_anchor_1_run1_k6_a1.0_b1.0_g1.0.png,/home/joschua/桌面/KaHIP/min_balanced_cut_road_networks_osm/result/London_UK/conformal_rt_tau2_anchor_primary/2025-08-26/conformal_lane_tau2_anchor_1_edges_partitions_k6.json,33.18839406967163
2025-08-26T00:40:43,"Los Angeles, USA",3000,motorway1_rankup_1,more_lanes_heavier,6,179,1296597.0,683543188.0,1.0,1.0,1.0,0,0.0018968764852938598,/home/joschua/桌面/KaHIP/min_balanced_cut_road_networks_osm/result/Los_Angeles_USA/motorway1_rankup_1/2025-08-26/more_lanes_heavier_run1_k6_a1.0_b1.0_g1.0.png,/home/joschua/桌面/KaHIP/min_balanced_cut_road_networks_osm/result/Los_Angeles_USA/motorway1_rankup_1/2025-08-26/more_lanes_heavier_edges_partitions_k6.json,15.835362434387207
2025-08-26T00:41:00,"Los Angeles, USA",3000,motorway1_rankup_1,conformal_lane_tau0.5_anchor_1,6,176,1204326.0,676975091.0,1.0,1.0,1.0,0,0.0017789812594448914,/home/joschua/桌面/KaHIP/min_balanced_cut_road_networks_osm/result/Los_Angeles_USA/motorway1_rankup_1/2025-08-26/conformal_lane_tau0.5_anchor_1_run1_k6_a1.0_b1.0_g1.0.png,/home/joschua/桌面/KaHIP/min_balanced_cut_road_networks_osm/result/Los_Angeles_USA/motorway1_rankup_1/2025-08-26/conformal_lane_tau0.5_anchor_1_edges_partitions_k6.json,15.574182271957397
2025-08-26T00:41:17,"Los Angeles, USA",3000,motorway1_rankup_1,conformal_lane_tau1_anchor_1,6,179,1296597.0,683543188.0,1.0,1.0,1.0,0,0.0018968764852938598,/home/joschua/桌面/KaHIP/min_balanced_cut_road_networks_osm/result/Los_Angeles_USA/motorway1_rankup_1/2025-08-26/conformal_lane_tau1_anchor_1_run1_k6_a1.0_b1.0_g1.0.png,/home/joschua/桌面/KaHIP/min_balanced_cut_road_networks_osm/result/Los_Angeles_USA/motorway1_rankup_1/2025-08-26/conformal_lane_tau1_anchor_1_edges_partitions_k6.json,15.67273235321045
2025-08-26T00:41:34,"Los Angeles, USA",3000,motorway1_rankup_1,conformal_lane_tau2_anchor_1,6,215,1558421.0,688374618.0,1.0,1.0,1.0,0,0.0022639140945199697,/home/joschua/桌面/KaHIP/min_balanced_cut_road_networks_osm/result/Los_Angeles_USA/motorway1_rankup_1/2025-08-26/conformal_lane_tau2_anchor_1_run1_k6_a1.0_b1.0_g1.0.png,/home/joschua/桌面/KaHIP/min_balanced_cut_road_networks_osm/result/Los_Angeles_USA/motorway1_rankup_1/2025-08-26/conformal_lane_tau2_anchor_1_edges_partitions_k6.json,15.63977599143982
2025-08-26T00:41:51,"Los Angeles, USA",3000,conformal_rt_tau0.5_anchor_primary,more_lanes_heavier,6,192,980253.0,462765436.0,1.0,1.0,1.0,0,0.002118250248923085,/home/joschua/桌面/KaHIP/min_balanced_cut_road_networks_osm/result/Los_Angeles_USA/conformal_rt_tau0.5_anchor_primary/2025-08-26/more_lanes_heavier_run1_k6_a1.0_b1.0_g1.0.png,/home/joschua/桌面/KaHIP/min_balanced_cut_road_networks_osm/result/Los_Angeles_USA/conformal_rt_tau0.5_anchor_primary/2025-08-26/more_lanes_heavier_edges_partitions_k6.json,15.793365001678467
2025-08-26T00:42:08,"Los Angeles, USA",3000,conformal_rt_tau0.5_anchor_primary,conformal_lane_tau0.5_anchor_1,6,183,845435.0,440395825.0,1.0,1.0,1.0,0,0.0019197162007609859,/home/joschua/桌面/KaHIP/min_balanced_cut_road_networks_osm/result/Los_Angeles_USA/conformal_rt_tau0.5_anchor_primary/2025-08-26/conformal_lane_tau0.5_anchor_1_run1_k6_a1.0_b1.0_g1.0.png,/home/joschua/桌面/KaHIP/min_balanced_cut_road_networks_osm/result/Los_Angeles_USA/conformal_rt_tau0.5_anchor_primary/2025-08-26/conformal_lane_tau0.5_anchor_1_edges_partitions_k6.json,15.807790279388428
2025-08-26T00:42:26,"Los Angeles, USA",3000,conformal_rt_tau0.5_anchor_primary,conformal_lane_tau1_anchor_1,6,192,980253.0,462765436.0,1.0,1.0,1.0,0,0.002118250248923085,/home/joschua/桌面/KaHIP/min_balanced_cut_road_networks_osm/result/Los_Angeles_USA/conformal_rt_tau0.5_anchor_primary/2025-08-26/conformal_lane_tau1_anchor_1_run1_k6_a1.0_b1.0_g1.0.png,/home/joschua/桌面/KaHIP/min_balanced_cut_road_networks_osm/result/Los_Angeles_USA/conformal_rt_tau0.5_anchor_primary/2025-08-26/conformal_lane_tau1_anchor_1_edges_partitions_k6.json,15.768368482589722
2025-08-26T00:42:43,"Los Angeles, USA",3000,conformal_rt_tau0.5_anchor_primary,conformal_lane_tau2_anchor_1,6,237,1169535.0,499303367.0,1.0,1.0,1.0,0,0.0023423334936173183,/home/joschua/桌面/KaHIP/min_balanced_cut_road_networks_osm/result/Los_Angeles_USA/conformal_rt_tau0.5_anchor_primary/2025-08-26/conformal_lane_tau2_anchor_1_run1_k6_a1.0_b1.0_g1.0.png,/home/joschua/桌面/KaHIP/min_balanced_cut_road_networks_osm/result/Los_Angeles_USA/conformal_rt_tau0.5_anchor_primary/2025-08-26/conformal_lane_tau2_anchor_1_edges_partitions_k6.json,15.801913261413574
2025-08-26T00:43:00,"Los Angeles, USA",3000,conformal_rt_tau1_anchor_primary,more_lanes_heavier,6,207,1076877.0,494684459.0,1.0,1.0,1.0,0,0.0021768967680466387,/home/joschua/桌面/KaHIP/min_balanced_cut_road_networks_osm/result/Los_Angeles_USA/conformal_rt_tau1_anchor_primary/2025-08-26/more_lanes_heavier_run1_k6_a1.0_b1.0_g1.0.png,/home/joschua/桌面/KaHIP/min_balanced_cut_road_networks_osm/result/Los_Angeles_USA/conformal_rt_tau1_anchor_primary/2025-08-26/more_lanes_heavier_edges_partitions_k6.json,15.784175634384155
2025-08-26T00:43:17,"Los Angeles, USA",3000,conformal_rt_tau1_anchor_primary,conformal_lane_tau0.5_anchor_1,6,203,958295.0,472520647.0,1.0,1.0,1.0,0,0.002028048945763845,/home/joschua/桌面/KaHIP/min_balanced_cut_road_networks_osm/result/Los_Angeles_USA/conformal_rt_tau1_anchor_primary/2025-08-26/conformal_lane_tau0.5_anchor_1_run1_k6_a1.0_b1.0_g1.0.png,/home/joschua/桌面/KaHIP/min_balanced_cut_road_networks_osm/result/Los_Angeles_USA/conformal_rt_tau1_anchor_primary/2025-08-26/conformal_lane_tau0.5_anchor_1_edges_partitions_k6.json,15.831804037094116
2025-08-26T00:43:34,"Los Angeles, USA",3000,conformal_rt_tau1_anchor_primary,conformal_lane_tau1_anchor_1,6,207,1076877.0,494684459.0,1.0,1.0,1.0,0,0.0021768967680466387,/home/joschua/桌面/KaHIP/min_balanced_cut_road_networks_osm/result/Los_Angeles_USA/conformal_rt_tau1_anchor_primary/2025-08-26/conformal_lane_tau1_anchor_1_run1_k6_a1.0_b1.0_g1.0.png,/home/joschua/桌面/KaHIP/min_balanced_cut_road_networks_osm/result/Los_Angeles_USA/conformal_rt_tau1_anchor_primary/2025-08-26/conformal_lane_tau1_anchor_1_edges_partitions_k6.json,15.73127293586731
2025-08-26T00:43:51,"Los Angeles, USA",3000,conformal_rt_tau1_anchor_primary,conformal_lane_tau2_anchor_1,6,235,1285551.0,529479356.0,1.0,1.0,1.0,0,0.0024279530173032847,/home/joschua/桌面/KaHIP/min_balanced_cut_road_networks_osm/result/Los_Angeles_USA/conformal_rt_tau1_anchor_primary/2025-08-26/conformal_lane_tau2_anchor_1_run1_k6_a1.0_b1.0_g1.0.png,/home/joschua/桌面/KaHIP/min_balanced_cut_road_networks_osm/result/Los_Angeles_USA/conformal_rt_tau1_anchor_primary/2025-08-26/conformal_lane_tau2_anchor_1_edges_partitions_k6.json,15.702295541763306
2025-08-26T00:44:08,"Los Angeles, USA",3000,conformal_rt_tau2_anchor_primary,more_lanes_heavier,6,181,972374.0,598078935.0,1.0,1.0,1.0,0,0.0016258288715685998,/home/joschua/桌面/KaHIP/min_balanced_cut_road_networks_osm/result/Los_Angeles_USA/conformal_rt_tau2_anchor_primary/2025-08-26/more_lanes_heavier_run1_k6_a1.0_b1.0_g1.0.png,/home/joschua/桌面/KaHIP/min_balanced_cut_road_networks_osm/result/Los_Angeles_USA/conformal_rt_tau2_anchor_primary/2025-08-26/more_lanes_heavier_edges_partitions_k6.json,15.70948600769043
2025-08-26T00:44:25,"Los Angeles, USA",3000,conformal_rt_tau2_anchor_primary,conformal_lane_tau0.5_anchor_1,6,174,929414.0,577980205.0,1.0,1.0,1.0,0,0.0016080377700824547,/home/joschua/桌面/KaHIP/min_balanced_cut_road_networks_osm/result/Los_Angeles_USA/conformal_rt_tau2_anchor_primary/2025-08-26/conformal_lane_tau0.5_anchor_1_run1_k6_a1.0_b1.0_g1.0.png,/home/joschua/桌面/KaHIP/min_balanced_cut_road_networks_osm/result/Los_Angeles_USA/conformal_rt_tau2_anchor_primary/2025-08-26/conformal_lane_tau0.5_anchor_1_edges_partitions_k6.json,15.761594772338867
2025-08-26T00:44:43,"Los Angeles, USA",3000,conformal_rt_tau2_anchor_primary,conformal_lane_tau1_anchor_1,6,181,972374.0,598078935.0,1.0,1.0,1.0,0,0.0016258288715685998,/home/joschua/桌面/KaHIP/min_balanced_cut_road_networks_osm/result/Los_Angeles_USA/conformal_rt_tau2_anchor_primary/2025-08-26/conformal_lane_tau1_anchor_1_run1_k6_a1.0_b1.0_g1.0.png,/home/joschua/桌面/KaHIP/min_balanced_cut_road_networks_osm/result/Los_Angeles_USA/conformal_rt_tau2_anchor_primary/2025-08-26/conformal_lane_tau1_anchor_1_edges_partitions_k6.json,15.74809980392456
2025-08-26T00:45:00,"Los Angeles, USA",3000,conformal_rt_tau2_anchor_primary,conformal_lane_tau2_anchor_1,6,211,1234936.0,617202364.0,1.0,1.0,1.0,0,0.002000860774408829,/home/joschua/桌面/KaHIP/min_balanced_cut_road_networks_osm/result/Los_Angeles_USA/conformal_rt_tau2_anchor_primary/2025-08-26/conformal_lane_tau2_anchor_1_run1_k6_a1.0_b1.0_g1.0.png,/home/joschua/桌面/KaHIP/min_balanced_cut_road_networks_osm/result/Los_Angeles_USA/conformal_rt_tau2_anchor_primary/2025-08-26/conformal_lane_tau2_anchor_1_edges_partitions_k6.json,15.642164468765259
2025-08-26T00:45:17,"Los Angeles, USA",3000,motorway1_rankup_1,more_lanes_heavier,6,179,1296597.0,683543188.0,1.0,1.0,1.0,1,0.0018968764852938598,/home/joschua/桌面/KaHIP/min_balanced_cut_road_networks_osm/result/Los_Angeles_USA/motorway1_rankup_1/2025-08-26/more_lanes_heavier_run1_k6_a1.0_b1.0_g1.0.png,/home/joschua/桌面/KaHIP/min_balanced_cut_road_networks_osm/result/Los_Angeles_USA/motorway1_rankup_1/2025-08-26/more_lanes_heavier_edges_partitions_k6.json,15.750393867492676
2025-08-26T00:45:34,"Los Angeles, USA",3000,motorway1_rankup_1,conformal_lane_tau0.5_anchor_1,6,176,1204326.0,676975091.0,1.0,1.0,1.0,1,0.0017789812594448914,/home/joschua/桌面/KaHIP/min_balanced_cut_road_networks_osm/result/Los_Angeles_USA/motorway1_rankup_1/2025-08-26/conformal_lane_tau0.5_anchor_1_run1_k6_a1.0_b1.0_g1.0.png,/home/joschua/桌面/KaHIP/min_balanced_cut_road_networks_osm/result/Los_Angeles_USA/motorway1_rankup_1/2025-08-26/conformal_lane_tau0.5_anchor_1_edges_partitions_k6.json,15.722695112228394
2025-08-26T00:45:51,"Los Angeles, USA",3000,motorway1_rankup_1,conformal_lane_tau1_anchor_1,6,179,1296597.0,683543188.0,1.0,1.0,1.0,1,0.0018968764852938598,/home/joschua/桌面/KaHIP/min_balanced_cut_road_networks_osm/result/Los_Angeles_USA/motorway1_rankup_1/2025-08-26/conformal_lane_tau1_anchor_1_run1_k6_a1.0_b1.0_g1.0.png,/home/joschua/桌面/KaHIP/min_balanced_cut_road_networks_osm/result/Los_Angeles_USA/motorway1_rankup_1/2025-08-26/conformal_lane_tau1_anchor_1_edges_partitions_k6.json,15.671999216079712
2025-08-26T00:46:08,"Los Angeles, USA",3000,motorway1_rankup_1,conformal_lane_tau2_anchor_1,6,215,1558421.0,688374618.0,1.0,1.0,1.0,1,0.0022639140945199697,/home/joschua/桌面/KaHIP/min_balanced_cut_road_networks_osm/result/Los_Angeles_USA/motorway1_rankup_1/2025-08-26/conformal_lane_tau2_anchor_1_run1_k6_a1.0_b1.0_g1.0.png,/home/joschua/桌面/KaHIP/min_balanced_cut_road_networks_osm/result/Los_Angeles_USA/motorway1_rankup_1/2025-08-26/conformal_lane_tau2_anchor_1_edges_partitions_k6.json,15.678247451782227
2025-08-26T00:46:25,"Los Angeles, USA",3000,conformal_rt_tau0.5_anchor_primary,more_lanes_heavier,6,192,980253.0,462765436.0,1.0,1.0,1.0,1,0.002118250248923085,/home/joschua/桌面/KaHIP/min_balanced_cut_road_networks_osm/result/Los_Angeles_USA/conformal_rt_tau0.5_anchor_primary/2025-08-26/more_lanes_heavier_run1_k6_a1.0_b1.0_g1.0.png,/home/joschua/桌面/KaHIP/min_balanced_cut_road_networks_osm/result/Los_Angeles_USA/conformal_rt_tau0.5_anchor_primary/2025-08-26/more_lanes_heavier_edges_partitions_k6.json,15.657933235168457
2025-08-26T00:46:42,"Los Angeles, USA",3000,conformal_rt_tau0.5_anchor_primary,conformal_lane_tau0.5_anchor_1,6,183,845435.0,440395825.0,1.0,1.0,1.0,1,0.0019197162007609859,/home/joschua/桌面/KaHIP/min_balanced_cut_road_networks_osm/result/Los_Angeles_USA/conformal_rt_tau0.5_anchor_primary/2025-08-26/conformal_lane_tau0.5_anchor_1_run1_k6_a1.0_b1.0_g1.0.png,/home/joschua/桌面/KaHIP/min_balanced_cut_road_networks_osm/result/Los_Angeles_USA/conformal_rt_tau0.5_anchor_primary/2025-08-26/conformal_lane_tau0.5_anchor_1_edges_partitions_k6.json,15.739976406097412
2025-08-26T00:46:59,"Los Angeles, USA",3000,conformal_rt_tau0.5_anchor_primary,conformal_lane_tau1_anchor_1,6,192,980253.0,462765436.0,1.0,1.0,1.0,1,0.002118250248923085,/home/joschua/桌面/KaHIP/min_balanced_cut_road_networks_osm/result/Los_Angeles_USA/conformal_rt_tau0.5_anchor_primary/2025-08-26/conformal_lane_tau1_anchor_1_run1_k6_a1.0_b1.0_g1.0.png,/home/joschua/桌面/KaHIP/min_balanced_cut_road_networks_osm/result/Los_Angeles_USA/conformal_rt_tau0.5_anchor_primary/2025-08-26/conformal_lane_tau1_anchor_1_edges_partitions_k6.json,15.83371353149414
2025-08-26T00:47:16,"Los Angeles, USA",3000,conformal_rt_tau0.5_anchor_primary,conformal_lane_tau2_anchor_1,6,237,1169535.0,499303367.0,1.0,1.0,1.0,1,0.0023423334936173183,/home/joschua/桌面/KaHIP/min_balanced_cut_road_networks_osm/result/Los_Angeles_USA/conformal_rt_tau0.5_anchor_primary/2025-08-26/conformal_lane_tau2_anchor_1_run1_k6_a1.0_b1.0_g1.0.png,/home/joschua/桌面/KaHIP/min_balanced_cut_road_networks_osm/result/Los_Angeles_USA/conformal_rt_tau0.5_anchor_primary/2025-08-26/conformal_lane_tau2_anchor_1_edges_partitions_k6.json,15.839817762374878
2025-08-26T00:47:34,"Los Angeles, USA",3000,conformal_rt_tau1_anchor_primary,more_lanes_heavier,6,207,1076877.0,494684459.0,1.0,1.0,1.0,1,0.0021768967680466387,/home/joschua/桌面/KaHIP/min_balanced_cut_road_networks_osm/result/Los_Angeles_USA/conformal_rt_tau1_anchor_primary/2025-08-26/more_lanes_heavier_run1_k6_a1.0_b1.0_g1.0.png,/home/joschua/桌面/KaHIP/min_balanced_cut_road_networks_osm/result/Los_Angeles_USA/conformal_rt_tau1_anchor_primary/2025-08-26/more_lanes_heavier_edges_partitions_k6.json,15.875956058502197
2025-08-26T00:47:51,"Los Angeles, USA",3000,conformal_rt_tau1_anchor_primary,conformal_lane_tau0.5_anchor_1,6,203,958295.0,472520647.0,1.0,1.0,1.0,1,0.002028048945763845,/home/joschua/桌面/KaHIP/min_balanced_cut_road_networks_osm/result/Los_Angeles_USA/conformal_rt_tau1_anchor_primary/2025-08-26/conformal_lane_tau0.5_anchor_1_run1_k6_a1.0_b1.0_g1.0.png,/home/joschua/桌面/KaHIP/min_balanced_cut_road_networks_osm/result/Los_Angeles_USA/conformal_rt_tau1_anchor_primary/2025-08-26/conformal_lane_tau0.5_anchor_1_edges_partitions_k6.json,15.78413701057434
2025-08-26T00:48:08,"Los Angeles, USA",3000,conformal_rt_tau1_anchor_primary,conformal_lane_tau1_anchor_1,6,207,1076877.0,494684459.0,1.0,1.0,1.0,1,0.0021768967680466387,/home/joschua/桌面/KaHIP/min_balanced_cut_road_networks_osm/result/Los_Angeles_USA/conformal_rt_tau1_anchor_primary/2025-08-26/conformal_lane_tau1_anchor_1_run1_k6_a1.0_b1.0_g1.0.png,/home/joschua/桌面/KaHIP/min_balanced_cut_road_networks_osm/result/Los_Angeles_USA/conformal_rt_tau1_anchor_primary/2025-08-26/conformal_lane_tau1_anchor_1_edges_partitions_k6.json,15.67706847190857
2025-08-26T00:48:25,"Los Angeles, USA",3000,conformal_rt_tau1_anchor_primary,conformal_lane_tau2_anchor_1,6,235,1285551.0,529479356.0,1.0,1.0,1.0,1,0.0024279530173032847,/home/joschua/桌面/KaHIP/min_balanced_cut_road_networks_osm/result/Los_Angeles_USA/conformal_rt_tau1_anchor_primary/2025-08-26/conformal_lane_tau2_anchor_1_run1_k6_a1.0_b1.0_g1.0.png,/home/joschua/桌面/KaHIP/min_balanced_cut_road_networks_osm/result/Los_Angeles_USA/conformal_rt_tau1_anchor_primary/2025-08-26/conformal_lane_tau2_anchor_1_edges_partitions_k6.json,15.710489749908447
2025-08-26T00:48:42,"Los Angeles, USA",3000,conformal_rt_tau2_anchor_primary,more_lanes_heavier,6,181,972374.0,598078935.0,1.0,1.0,1.0,1,0.0016258288715685998,/home/joschua/桌面/KaHIP/min_balanced_cut_road_networks_osm/result/Los_Angeles_USA/conformal_rt_tau2_anchor_primary/2025-08-26/more_lanes_heavier_run1_k6_a1.0_b1.0_g1.0.png,/home/joschua/桌面/KaHIP/min_balanced_cut_road_networks_osm/result/Los_Angeles_USA/conformal_rt_tau2_anchor_primary/2025-08-26/more_lanes_heavier_edges_partitions_k6.json,15.636497735977173
2025-08-26T00:48:59,"Los Angeles, USA",3000,conformal_rt_tau2_anchor_primary,conformal_lane_tau0.5_anchor_1,6,174,929414.0,577980205.0,1.0,1.0,1.0,1,0.0016080377700824547,/home/joschua/桌面/KaHIP/min_balanced_cut_road_networks_osm/result/Los_Angeles_USA/conformal_rt_tau2_anchor_primary/2025-08-26/conformal_lane_tau0.5_anchor_1_run1_k6_a1.0_b1.0_g1.0.png,/home/joschua/桌面/KaHIP/min_balanced_cut_road_networks_osm/result/Los_Angeles_USA/conformal_rt_tau2_anchor_primary/2025-08-26/conformal_lane_tau0.5_anchor_1_edges_partitions_k6.json,15.634687185287476
2025-08-26T00:49:16,"Los Angeles, USA",3000,conformal_rt_tau2_anchor_primary,conformal_lane_tau1_anchor_1,6,181,972374.0,598078935.0,1.0,1.0,1.0,1,0.0016258288715685998,/home/joschua/桌面/KaHIP/min_balanced_cut_road_networks_osm/result/Los_Angeles_USA/conformal_rt_tau2_anchor_primary/2025-08-26/conformal_lane_tau1_anchor_1_run1_k6_a1.0_b1.0_g1.0.png,/home/joschua/桌面/KaHIP/min_balanced_cut_road_networks_osm/result/Los_Angeles_USA/conformal_rt_tau2_anchor_primary/2025-08-26/conformal_lane_tau1_anchor_1_edges_partitions_k6.json,15.603819131851196
2025-08-26T00:49:33,"Los Angeles, USA",3000,conformal_rt_tau2_anchor_primary,conformal_lane_tau2_anchor_1,6,211,1234936.0,617202364.0,1.0,1.0,1.0,1,0.002000860774408829,/home/joschua/桌面/KaHIP/min_balanced_cut_road_networks_osm/result/Los_Angeles_USA/conformal_rt_tau2_anchor_primary/2025-08-26/conformal_lane_tau2_anchor_1_run1_k6_a1.0_b1.0_g1.0.png,/home/joschua/桌面/KaHIP/min_balanced_cut_road_networks_osm/result/Los_Angeles_USA/conformal_rt_tau2_anchor_primary/2025-08-26/conformal_lane_tau2_anchor_1_edges_partitions_k6.json,15.641668319702148
2025-08-26T00:49:50,"Los Angeles, USA",3000,motorway1_rankup_1,more_lanes_heavier,6,179,1296597.0,683543188.0,1.0,1.0,1.0,2,0.0018968764852938598,/home/joschua/桌面/KaHIP/min_balanced_cut_road_networks_osm/result/Los_Angeles_USA/motorway1_rankup_1/2025-08-26/more_lanes_heavier_run1_k6_a1.0_b1.0_g1.0.png,/home/joschua/桌面/KaHIP/min_balanced_cut_road_networks_osm/result/Los_Angeles_USA/motorway1_rankup_1/2025-08-26/more_lanes_heavier_edges_partitions_k6.json,15.74648904800415
2025-08-26T00:50:07,"Los Angeles, USA",3000,motorway1_rankup_1,conformal_lane_tau0.5_anchor_1,6,176,1204326.0,676975091.0,1.0,1.0,1.0,2,0.0017789812594448914,/home/joschua/桌面/KaHIP/min_balanced_cut_road_networks_osm/result/Los_Angeles_USA/motorway1_rankup_1/2025-08-26/conformal_lane_tau0.5_anchor_1_run1_k6_a1.0_b1.0_g1.0.png,/home/joschua/桌面/KaHIP/min_balanced_cut_road_networks_osm/result/Los_Angeles_USA/motorway1_rankup_1/2025-08-26/conformal_lane_tau0.5_anchor_1_edges_partitions_k6.json,15.69058084487915
2025-08-26T00:50:24,"Los Angeles, USA",3000,motorway1_rankup_1,conformal_lane_tau1_anchor_1,6,179,1296597.0,683543188.0,1.0,1.0,1.0,2,0.0018968764852938598,/home/joschua/桌面/KaHIP/min_balanced_cut_road_networks_osm/result/Los_Angeles_USA/motorway1_rankup_1/2025-08-26/conformal_lane_tau1_anchor_1_run1_k6_a1.0_b1.0_g1.0.png,/home/joschua/桌面/KaHIP/min_balanced_cut_road_networks_osm/result/Los_Angeles_USA/motorway1_rankup_1/2025-08-26/conformal_lane_tau1_anchor_1_edges_partitions_k6.json,15.760374307632446
2025-08-26T00:50:41,"Los Angeles, USA",3000,motorway1_rankup_1,conformal_lane_tau2_anchor_1,6,215,1558421.0,688374618.0,1.0,1.0,1.0,2,0.0022639140945199697,/home/joschua/桌面/KaHIP/min_balanced_cut_road_networks_osm/result/Los_Angeles_USA/motorway1_rankup_1/2025-08-26/conformal_lane_tau2_anchor_1_run1_k6_a1.0_b1.0_g1.0.png,/home/joschua/桌面/KaHIP/min_balanced_cut_road_networks_osm/result/Los_Angeles_USA/motorway1_rankup_1/2025-08-26/conformal_lane_tau2_anchor_1_edges_partitions_k6.json,15.849303960800171
2025-08-26T00:50:59,"Los Angeles, USA",3000,conformal_rt_tau0.5_anchor_primary,more_lanes_heavier,6,192,980253.0,462765436.0,1.0,1.0,1.0,2,0.002118250248923085,/home/joschua/桌面/KaHIP/min_balanced_cut_road_networks_osm/result/Los_Angeles_USA/conformal_rt_tau0.5_anchor_primary/2025-08-26/more_lanes_heavier_run1_k6_a1.0_b1.0_g1.0.png,/home/joschua/桌面/KaHIP/min_balanced_cut_road_networks_osm/result/Los_Angeles_USA/conformal_rt_tau0.5_anchor_primary/2025-08-26/more_lanes_heavier_edges_partitions_k6.json,15.876524925231934
2025-08-26T00:51:16,"Los Angeles, USA",3000,conformal_rt_tau0.5_anchor_primary,conformal_lane_tau0.5_anchor_1,6,183,845435.0,440395825.0,1.0,1.0,1.0,2,0.0019197162007609859,/home/joschua/桌面/KaHIP/min_balanced_cut_road_networks_osm/result/Los_Angeles_USA/conformal_rt_tau0.5_anchor_primary/2025-08-26/conformal_lane_tau0.5_anchor_1_run1_k6_a1.0_b1.0_g1.0.png,/home/joschua/桌面/KaHIP/min_balanced_cut_road_networks_osm/result/Los_Angeles_USA/conformal_rt_tau0.5_anchor_primary/2025-08-26/conformal_lane_tau0.5_anchor_1_edges_partitions_k6.json,15.862140893936157
2025-08-26T00:51:33,"Los Angeles, USA",3000,conformal_rt_tau0.5_anchor_primary,conformal_lane_tau1_anchor_1,6,192,980253.0,462765436.0,1.0,1.0,1.0,2,0.002118250248923085,/home/joschua/桌面/KaHIP/min_balanced_cut_road_networks_osm/result/Los_Angeles_USA/conformal_rt_tau0.5_anchor_primary/2025-08-26/conformal_lane_tau1_anchor_1_run1_k6_a1.0_b1.0_g1.0.png,/home/joschua/桌面/KaHIP/min_balanced_cut_road_networks_osm/result/Los_Angeles_USA/conformal_rt_tau0.5_anchor_primary/2025-08-26/conformal_lane_tau1_anchor_1_edges_partitions_k6.json,15.759527444839478
2025-08-26T00:51:50,"Los Angeles, USA",3000,conformal_rt_tau0.5_anchor_primary,conformal_lane_tau2_anchor_1,6,237,1169535.0,499303367.0,1.0,1.0,1.0,2,0.0023423334936173183,/home/joschua/桌面/KaHIP/min_balanced_cut_road_networks_osm/result/Los_Angeles_USA/conformal_rt_tau0.5_anchor_primary/2025-08-26/conformal_lane_tau2_anchor_1_run1_k6_a1.0_b1.0_g1.0.png,/home/joschua/桌面/KaHIP/min_balanced_cut_road_networks_osm/result/Los_Angeles_USA/conformal_rt_tau0.5_anchor_primary/2025-08-26/conformal_lane_tau2_anchor_1_edges_partitions_k6.json,15.983529090881348
2025-08-26T00:52:07,"Los Angeles, USA",3000,conformal_rt_tau1_anchor_primary,more_lanes_heavier,6,207,1076877.0,494684459.0,1.0,1.0,1.0,2,0.0021768967680466387,/home/joschua/桌面/KaHIP/min_balanced_cut_road_networks_osm/result/Los_Angeles_USA/conformal_rt_tau1_anchor_primary/2025-08-26/more_lanes_heavier_run1_k6_a1.0_b1.0_g1.0.png,/home/joschua/桌面/KaHIP/min_balanced_cut_road_networks_osm/result/Los_Angeles_USA/conformal_rt_tau1_anchor_primary/2025-08-26/more_lanes_heavier_edges_partitions_k6.json,15.53797435760498
2025-08-26T00:52:24,"Los Angeles, USA",3000,conformal_rt_tau1_anchor_primary,conformal_lane_tau0.5_anchor_1,6,203,958295.0,472520647.0,1.0,1.0,1.0,2,0.002028048945763845,/home/joschua/桌面/KaHIP/min_balanced_cut_road_networks_osm/result/Los_Angeles_USA/conformal_rt_tau1_anchor_primary/2025-08-26/conformal_lane_tau0.5_anchor_1_run1_k6_a1.0_b1.0_g1.0.png,/home/joschua/桌面/KaHIP/min_balanced_cut_road_networks_osm/result/Los_Angeles_USA/conformal_rt_tau1_anchor_primary/2025-08-26/conformal_lane_tau0.5_anchor_1_edges_partitions_k6.json,15.829448699951172
2025-08-26T00:52:41,"Los Angeles, USA",3000,conformal_rt_tau1_anchor_primary,conformal_lane_tau1_anchor_1,6,207,1076877.0,494684459.0,1.0,1.0,1.0,2,0.0021768967680466387,/home/joschua/桌面/KaHIP/min_balanced_cut_road_networks_osm/result/Los_Angeles_USA/conformal_rt_tau1_anchor_primary/2025-08-26/conformal_lane_tau1_anchor_1_run1_k6_a1.0_b1.0_g1.0.png,/home/joschua/桌面/KaHIP/min_balanced_cut_road_networks_osm/result/Los_Angeles_USA/conformal_rt_tau1_anchor_primary/2025-08-26/conformal_lane_tau1_anchor_1_edges_partitions_k6.json,15.72238802909851
2025-08-26T00:52:59,"Los Angeles, USA",3000,conformal_rt_tau1_anchor_primary,conformal_lane_tau2_anchor_1,6,235,1285551.0,529479356.0,1.0,1.0,1.0,2,0.0024279530173032847,/home/joschua/桌面/KaHIP/min_balanced_cut_road_networks_osm/result/Los_Angeles_USA/conformal_rt_tau1_anchor_primary/2025-08-26/conformal_lane_tau2_anchor_1_run1_k6_a1.0_b1.0_g1.0.png,/home/joschua/桌面/KaHIP/min_balanced_cut_road_networks_osm/result/Los_Angeles_USA/conformal_rt_tau1_anchor_primary/2025-08-26/conformal_lane_tau2_anchor_1_edges_partitions_k6.json,15.763526916503906
2025-08-26T00:53:16,"Los Angeles, USA",3000,conformal_rt_tau2_anchor_primary,more_lanes_heavier,6,181,972374.0,598078935.0,1.0,1.0,1.0,2,0.0016258288715685998,/home/joschua/桌面/KaHIP/min_balanced_cut_road_networks_osm/result/Los_Angeles_USA/conformal_rt_tau2_anchor_primary/2025-08-26/more_lanes_heavier_run1_k6_a1.0_b1.0_g1.0.png,/home/joschua/桌面/KaHIP/min_balanced_cut_road_networks_osm/result/Los_Angeles_USA/conformal_rt_tau2_anchor_primary/2025-08-26/more_lanes_heavier_edges_partitions_k6.json,15.698757410049438
2025-08-26T00:53:33,"Los Angeles, USA",3000,conformal_rt_tau2_anchor_primary,conformal_lane_tau0.5_anchor_1,6,174,929414.0,577980205.0,1.0,1.0,1.0,2,0.0016080377700824547,/home/joschua/桌面/KaHIP/min_balanced_cut_road_networks_osm/result/Los_Angeles_USA/conformal_rt_tau2_anchor_primary/2025-08-26/conformal_lane_tau0.5_anchor_1_run1_k6_a1.0_b1.0_g1.0.png,/home/joschua/桌面/KaHIP/min_balanced_cut_road_networks_osm/result/Los_Angeles_USA/conformal_rt_tau2_anchor_primary/2025-08-26/conformal_lane_tau0.5_anchor_1_edges_partitions_k6.json,15.722997903823853
2025-08-26T00:53:50,"Los Angeles, USA",3000,conformal_rt_tau2_anchor_primary,conformal_lane_tau1_anchor_1,6,181,972374.0,598078935.0,1.0,1.0,1.0,2,0.0016258288715685998,/home/joschua/桌面/KaHIP/min_balanced_cut_road_networks_osm/result/Los_Angeles_USA/conformal_rt_tau2_anchor_primary/2025-08-26/conformal_lane_tau1_anchor_1_run1_k6_a1.0_b1.0_g1.0.png,/home/joschua/桌面/KaHIP/min_balanced_cut_road_networks_osm/result/Los_Angeles_USA/conformal_rt_tau2_anchor_primary/2025-08-26/conformal_lane_tau1_anchor_1_edges_partitions_k6.json,15.760016202926636
2025-08-26T00:54:07,"Los Angeles, USA",3000,conformal_rt_tau2_anchor_primary,conformal_lane_tau2_anchor_1,6,211,1234936.0,617202364.0,1.0,1.0,1.0,2,0.002000860774408829,/home/joschua/桌面/KaHIP/min_balanced_cut_road_networks_osm/result/Los_Angeles_USA/conformal_rt_tau2_anchor_primary/2025-08-26/conformal_lane_tau2_anchor_1_run1_k6_a1.0_b1.0_g1.0.png,/home/joschua/桌面/KaHIP/min_balanced_cut_road_networks_osm/result/Los_Angeles_USA/conformal_rt_tau2_anchor_primary/2025-08-26/conformal_lane_tau2_anchor_1_edges_partitions_k6.json,15.71529221534729
2025-08-26T00:54:11,"Karlsruhe, Germany",3000,motorway1_rankup_1,more_lanes_heavier,6,57,399014.0,69264609.0,1.0,1.0,1.0,0,0.00576071973495151,/home/joschua/桌面/KaHIP/min_balanced_cut_road_networks_osm/result/Karlsruhe_Germany/motorway1_rankup_1/2025-08-26/more_lanes_heavier_run1_k6_a1.0_b1.0_g1.0.png,/home/joschua/桌面/KaHIP/min_balanced_cut_road_networks_osm/result/Karlsruhe_Germany/motorway1_rankup_1/2025-08-26/more_lanes_heavier_edges_partitions_k6.json,3.003312826156616
2025-08-26T00:54:15,"Karlsruhe, Germany",3000,motorway1_rankup_1,conformal_lane_tau0.5_anchor_1,6,66,452511.0,68811323.0,1.0,1.0,1.0,0,0.006576112480790407,/home/joschua/桌面/KaHIP/min_balanced_cut_road_networks_osm/result/Karlsruhe_Germany/motorway1_rankup_1/2025-08-26/conformal_lane_tau0.5_anchor_1_run1_k6_a1.0_b1.0_g1.0.png,/home/joschua/桌面/KaHIP/min_balanced_cut_road_networks_osm/result/Karlsruhe_Germany/motorway1_rankup_1/2025-08-26/conformal_lane_tau0.5_anchor_1_edges_partitions_k6.json,3.0411009788513184
2025-08-26T00:54:19,"Karlsruhe, Germany",3000,motorway1_rankup_1,conformal_lane_tau1_anchor_1,6,57,399014.0,69264609.0,1.0,1.0,1.0,0,0.00576071973495151,/home/joschua/桌面/KaHIP/min_balanced_cut_road_networks_osm/result/Karlsruhe_Germany/motorway1_rankup_1/2025-08-26/conformal_lane_tau1_anchor_1_run1_k6_a1.0_b1.0_g1.0.png,/home/joschua/桌面/KaHIP/min_balanced_cut_road_networks_osm/result/Karlsruhe_Germany/motorway1_rankup_1/2025-08-26/conformal_lane_tau1_anchor_1_edges_partitions_k6.json,2.9981689453125
2025-08-26T00:54:23,"Karlsruhe, Germany",3000,motorway1_rankup_1,conformal_lane_tau2_anchor_1,6,60,435185.0,69902064.0,1.0,1.0,1.0,0,0.006225638773699157,/home/joschua/桌面/KaHIP/min_balanced_cut_road_networks_osm/result/Karlsruhe_Germany/motorway1_rankup_1/2025-08-26/conformal_lane_tau2_anchor_1_run1_k6_a1.0_b1.0_g1.0.png,/home/joschua/桌面/KaHIP/min_balanced_cut_road_networks_osm/result/Karlsruhe_Germany/motorway1_rankup_1/2025-08-26/conformal_lane_tau2_anchor_1_edges_partitions_k6.json,2.988523006439209
2025-08-26T00:54:27,"Karlsruhe, Germany",3000,conformal_rt_tau0.5_anchor_primary,more_lanes_heavier,6,63,261131.0,47589406.0,1.0,1.0,1.0,0,0.005487166618553718,/home/joschua/桌面/KaHIP/min_balanced_cut_road_networks_osm/result/Karlsruhe_Germany/conformal_rt_tau0.5_anchor_primary/2025-08-26/more_lanes_heavier_run1_k6_a1.0_b1.0_g1.0.png,/home/joschua/桌面/KaHIP/min_balanced_cut_road_networks_osm/result/Karlsruhe_Germany/conformal_rt_tau0.5_anchor_primary/2025-08-26/more_lanes_heavier_edges_partitions_k6.json,2.9916954040527344
2025-08-26T00:54:31,"Karlsruhe, Germany",3000,conformal_rt_tau0.5_anchor_primary,conformal_lane_tau0.5_anchor_1,6,63,258016.0,46476691.0,1.0,1.0,1.0,0,0.005551513983643974,/home/joschua/桌面/KaHIP/min_balanced_cut_road_networks_osm/result/Karlsruhe_Germany/conformal_rt_tau0.5_anchor_primary/2025-08-26/conformal_lane_tau0.5_anchor_1_run1_k6_a1.0_b1.0_g1.0.png,/home/joschua/桌面/KaHIP/min_balanced_cut_road_networks_osm/result/Karlsruhe_Germany/conformal_rt_tau0.5_anchor_primary/2025-08-26/conformal_lane_tau0.5_anchor_1_edges_partitions_k6.json,3.0816168785095215
2025-08-26T00:54:35,"Karlsruhe, Germany",3000,conformal_rt_tau0.5_anchor_primary,conformal_lane_tau1_anchor_1,6,63,261131.0,47589406.0,1.0,1.0,1.0,0,0.005487166618553718,/home/joschua/桌面/KaHIP/min_balanced_cut_road_networks_osm/result/Karlsruhe_Germany/conformal_rt_tau0.5_anchor_primary/2025-08-26/conformal_lane_tau1_anchor_1_run1_k6_a1.0_b1.0_g1.0.png,/home/joschua/桌面/KaHIP/min_balanced_cut_road_networks_osm/result/Karlsruhe_Germany/conformal_rt_tau0.5_anchor_primary/2025-08-26/conformal_lane_tau1_anchor_1_edges_partitions_k6.json,3.0170607566833496
2025-08-26T00:54:39,"Karlsruhe, Germany",3000,conformal_rt_tau0.5_anchor_primary,conformal_lane_tau2_anchor_1,6,61,285108.0,50271045.0,1.0,1.0,1.0,0,0.005671415821970679,/home/joschua/桌面/KaHIP/min_balanced_cut_road_networks_osm/result/Karlsruhe_Germany/conformal_rt_tau0.5_anchor_primary/2025-08-26/conformal_lane_tau2_anchor_1_run1_k6_a1.0_b1.0_g1.0.png,/home/joschua/桌面/KaHIP/min_balanced_cut_road_networks_osm/result/Karlsruhe_Germany/conformal_rt_tau0.5_anchor_primary/2025-08-26/conformal_lane_tau2_anchor_1_edges_partitions_k6.json,3.0366883277893066
2025-08-26T00:54:43,"Karlsruhe, Germany",3000,conformal_rt_tau1_anchor_primary,more_lanes_heavier,6,66,302982.0,50972292.0,1.0,1.0,1.0,0,0.005944052898386441,/home/joschua/桌面/KaHIP/min_balanced_cut_road_networks_osm/result/Karlsruhe_Germany/conformal_rt_tau1_anchor_primary/2025-08-26/more_lanes_heavier_run1_k6_a1.0_b1.0_g1.0.png,/home/joschua/桌面/KaHIP/min_balanced_cut_road_networks_osm/result/Karlsruhe_Germany/conformal_rt_tau1_anchor_primary/2025-08-26/more_lanes_heavier_edges_partitions_k6.json,3.0622000694274902
2025-08-26T00:54:47,"Karlsruhe, Germany",3000,conformal_rt_tau1_anchor_primary,conformal_lane_tau0.5_anchor_1,6,62,268739.0,49866368.0,1.0,1.0,1.0,0,0.0053891833469804735,/home/joschua/桌面/KaHIP/min_balanced_cut_road_networks_osm/result/Karlsruhe_Germany/conformal_rt_tau1_anchor_primary/2025-08-26/conformal_lane_tau0.5_anchor_1_run1_k6_a1.0_b1.0_g1.0.png,/home/joschua/桌面/KaHIP/min_balanced_cut_road_networks_osm/result/Karlsruhe_Germany/conformal_rt_tau1_anchor_primary/2025-08-26/conformal_lane_tau0.5_anchor_1_edges_partitions_k6.json,3.0512664318084717
2025-08-26T00:54:51,"Karlsruhe, Germany",3000,conformal_rt_tau1_anchor_primary,conformal_lane_tau1_anchor_1,6,66,302982.0,50972292.0,1.0,1.0,1.0,0,0.005944052898386441,/home/joschua/桌面/KaHIP/min_balanced_cut_road_networks_osm/result/Karlsruhe_Germany/conformal_rt_tau1_anchor_primary/2025-08-26/conformal_lane_tau1_anchor_1_run1_k6_a1.0_b1.0_g1.0.png,/home/joschua/桌面/KaHIP/min_balanced_cut_road_networks_osm/result/Karlsruhe_Germany/conformal_rt_tau1_anchor_primary/2025-08-26/conformal_lane_tau1_anchor_1_edges_partitions_k6.json,3.0566604137420654
2025-08-26T00:54:54,"Karlsruhe, Germany",3000,conformal_rt_tau1_anchor_primary,conformal_lane_tau2_anchor_1,6,66,329212.0,53488428.0,1.0,1.0,1.0,0,0.006154826610346447,/home/joschua/桌面/KaHIP/min_balanced_cut_road_networks_osm/result/Karlsruhe_Germany/conformal_rt_tau1_anchor_primary/2025-08-26/conformal_lane_tau2_anchor_1_run1_k6_a1.0_b1.0_g1.0.png,/home/joschua/桌面/KaHIP/min_balanced_cut_road_networks_osm/result/Karlsruhe_Germany/conformal_rt_tau1_anchor_primary/2025-08-26/conformal_lane_tau2_anchor_1_edges_partitions_k6.json,3.0362143516540527
2025-08-26T00:54:58,"Karlsruhe, Germany",3000,conformal_rt_tau2_anchor_primary,more_lanes_heavier,6,63,333762.0,61537279.0,1.0,1.0,1.0,0,0.00542373672388082,/home/joschua/桌面/KaHIP/min_balanced_cut_road_networks_osm/result/Karlsruhe_Germany/conformal_rt_tau2_anchor_primary/2025-08-26/more_lanes_heavier_run1_k6_a1.0_b1.0_g1.0.png,/home/joschua/桌面/KaHIP/min_balanced_cut_road_networks_osm/result/Karlsruhe_Germany/conformal_rt_tau2_anchor_primary/2025-08-26/more_lanes_heavier_edges_partitions_k6.json,3.0629334449768066
2025-08-26T00:55:02,"Karlsruhe, Germany",3000,conformal_rt_tau2_anchor_primary,conformal_lane_tau0.5_anchor_1,6,57,282720.0,60561150.0,1.0,1.0,1.0,0,0.004668339356171407,/home/joschua/桌面/KaHIP/min_balanced_cut_road_networks_osm/result/Karlsruhe_Germany/conformal_rt_tau2_anchor_primary/2025-08-26/conformal_lane_tau0.5_anchor_1_run1_k6_a1.0_b1.0_g1.0.png,/home/joschua/桌面/KaHIP/min_balanced_cut_road_networks_osm/result/Karlsruhe_Germany/conformal_rt_tau2_anchor_primary/2025-08-26/conformal_lane_tau0.5_anchor_1_edges_partitions_k6.json,3.004164457321167
2025-08-26T00:55:06,"Karlsruhe, Germany",3000,conformal_rt_tau2_anchor_primary,conformal_lane_tau1_anchor_1,6,63,333762.0,61537279.0,1.0,1.0,1.0,0,0.00542373672388082,/home/joschua/桌面/KaHIP/min_balanced_cut_road_networks_osm/result/Karlsruhe_Germany/conformal_rt_tau2_anchor_primary/2025-08-26/conformal_lane_tau1_anchor_1_run1_k6_a1.0_b1.0_g1.0.png,/home/joschua/桌面/KaHIP/min_balanced_cut_road_networks_osm/result/Karlsruhe_Germany/conformal_rt_tau2_anchor_primary/2025-08-26/conformal_lane_tau1_anchor_1_edges_partitions_k6.json,3.111707925796509
2025-08-26T00:55:10,"Karlsruhe, Germany",3000,conformal_rt_tau2_anchor_primary,conformal_lane_tau2_anchor_1,6,63,333186.0,63453835.0,1.0,1.0,1.0,0,0.005250841024817491,/home/joschua/桌面/KaHIP/min_balanced_cut_road_networks_osm/result/Karlsruhe_Germany/conformal_rt_tau2_anchor_primary/2025-08-26/conformal_lane_tau2_anchor_1_run1_k6_a1.0_b1.0_g1.0.png,/home/joschua/桌面/KaHIP/min_balanced_cut_road_networks_osm/result/Karlsruhe_Germany/conformal_rt_tau2_anchor_primary/2025-08-26/conformal_lane_tau2_anchor_1_edges_partitions_k6.json,3.007650136947632
2025-08-26T00:55:14,"Karlsruhe, Germany",3000,motorway1_rankup_1,more_lanes_heavier,6,57,399014.0,69264609.0,1.0,1.0,1.0,1,0.00576071973495151,/home/joschua/桌面/KaHIP/min_balanced_cut_road_networks_osm/result/Karlsruhe_Germany/motorway1_rankup_1/2025-08-26/more_lanes_heavier_run1_k6_a1.0_b1.0_g1.0.png,/home/joschua/桌面/KaHIP/min_balanced_cut_road_networks_osm/result/Karlsruhe_Germany/motorway1_rankup_1/2025-08-26/more_lanes_heavier_edges_partitions_k6.json,2.991495370864868
2025-08-26T00:55:18,"Karlsruhe, Germany",3000,motorway1_rankup_1,conformal_lane_tau0.5_anchor_1,6,66,452511.0,68811323.0,1.0,1.0,1.0,1,0.006576112480790407,/home/joschua/桌面/KaHIP/min_balanced_cut_road_networks_osm/result/Karlsruhe_Germany/motorway1_rankup_1/2025-08-26/conformal_lane_tau0.5_anchor_1_run1_k6_a1.0_b1.0_g1.0.png,/home/joschua/桌面/KaHIP/min_balanced_cut_road_networks_osm/result/Karlsruhe_Germany/motorway1_rankup_1/2025-08-26/conformal_lane_tau0.5_anchor_1_edges_partitions_k6.json,3.0300400257110596
2025-08-26T00:55:22,"Karlsruhe, Germany",3000,motorway1_rankup_1,conformal_lane_tau1_anchor_1,6,57,399014.0,69264609.0,1.0,1.0,1.0,1,0.00576071973495151,/home/joschua/桌面/KaHIP/min_balanced_cut_road_networks_osm/result/Karlsruhe_Germany/motorway1_rankup_1/2025-08-26/conformal_lane_tau1_anchor_1_run1_k6_a1.0_b1.0_g1.0.png,/home/joschua/桌面/KaHIP/min_balanced_cut_road_networks_osm/result/Karlsruhe_Germany/motorway1_rankup_1/2025-08-26/conformal_lane_tau1_anchor_1_edges_partitions_k6.json,2.988813877105713
2025-08-26T00:55:26,"Karlsruhe, Germany",3000,motorway1_rankup_1,conformal_lane_tau2_anchor_1,6,60,435185.0,69902064.0,1.0,1.0,1.0,1,0.006225638773699157,/home/joschua/桌面/KaHIP/min_balanced_cut_road_networks_osm/result/Karlsruhe_Germany/motorway1_rankup_1/2025-08-26/conformal_lane_tau2_anchor_1_run1_k6_a1.0_b1.0_g1.0.png,/home/joschua/桌面/KaHIP/min_balanced_cut_road_networks_osm/result/Karlsruhe_Germany/motorway1_rankup_1/2025-08-26/conformal_lane_tau2_anchor_1_edges_partitions_k6.json,2.998081684112549
2025-08-26T00:55:30,"Karlsruhe, Germany",3000,conformal_rt_tau0.5_anchor_primary,more_lanes_heavier,6,63,261131.0,47589406.0,1.0,1.0,1.0,1,0.005487166618553718,/home/joschua/桌面/KaHIP/min_balanced_cut_road_networks_osm/result/Karlsruhe_Germany/conformal_rt_tau0.5_anchor_primary/2025-08-26/more_lanes_heavier_run1_k6_a1.0_b1.0_g1.0.png,/home/joschua/桌面/KaHIP/min_balanced_cut_road_networks_osm/result/Karlsruhe_Germany/conformal_rt_tau0.5_anchor_primary/2025-08-26/more_lanes_heavier_edges_partitions_k6.json,3.005544424057007
2025-08-26T00:55:34,"Karlsruhe, Germany",3000,conformal_rt_tau0.5_anchor_primary,conformal_lane_tau0.5_anchor_1,6,63,258016.0,46476691.0,1.0,1.0,1.0,1,0.005551513983643974,/home/joschua/桌面/KaHIP/min_balanced_cut_road_networks_osm/result/Karlsruhe_Germany/conformal_rt_tau0.5_anchor_primary/2025-08-26/conformal_lane_tau0.5_anchor_1_run1_k6_a1.0_b1.0_g1.0.png,/home/joschua/桌面/KaHIP/min_balanced_cut_road_networks_osm/result/Karlsruhe_Germany/conformal_rt_tau0.5_anchor_primary/2025-08-26/conformal_lane_tau0.5_anchor_1_edges_partitions_k6.json,3.003495216369629
2025-08-26T00:55:37,"Karlsruhe, Germany",3000,conformal_rt_tau0.5_anchor_primary,conformal_lane_tau1_anchor_1,6,63,261131.0,47589406.0,1.0,1.0,1.0,1,0.005487166618553718,/home/joschua/桌面/KaHIP/min_balanced_cut_road_networks_osm/result/Karlsruhe_Germany/conformal_rt_tau0.5_anchor_primary/2025-08-26/conformal_lane_tau1_anchor_1_run1_k6_a1.0_b1.0_g1.0.png,/home/joschua/桌面/KaHIP/min_balanced_cut_road_networks_osm/result/Karlsruhe_Germany/conformal_rt_tau0.5_anchor_primary/2025-08-26/conformal_lane_tau1_anchor_1_edges_partitions_k6.json,2.991668462753296
2025-08-26T00:55:41,"Karlsruhe, Germany",3000,conformal_rt_tau0.5_anchor_primary,conformal_lane_tau2_anchor_1,6,61,285108.0,50271045.0,1.0,1.0,1.0,1,0.005671415821970679,/home/joschua/桌面/KaHIP/min_balanced_cut_road_networks_osm/result/Karlsruhe_Germany/conformal_rt_tau0.5_anchor_primary/2025-08-26/conformal_lane_tau2_anchor_1_run1_k6_a1.0_b1.0_g1.0.png,/home/joschua/桌面/KaHIP/min_balanced_cut_road_networks_osm/result/Karlsruhe_Germany/conformal_rt_tau0.5_anchor_primary/2025-08-26/conformal_lane_tau2_anchor_1_edges_partitions_k6.json,3.048475503921509
2025-08-26T00:55:45,"Karlsruhe, Germany",3000,conformal_rt_tau1_anchor_primary,more_lanes_heavier,6,66,302982.0,50972292.0,1.0,1.0,1.0,1,0.005944052898386441,/home/joschua/桌面/KaHIP/min_balanced_cut_road_networks_osm/result/Karlsruhe_Germany/conformal_rt_tau1_anchor_primary/2025-08-26/more_lanes_heavier_run1_k6_a1.0_b1.0_g1.0.png,/home/joschua/桌面/KaHIP/min_balanced_cut_road_networks_osm/result/Karlsruhe_Germany/conformal_rt_tau1_anchor_primary/2025-08-26/more_lanes_heavier_edges_partitions_k6.json,3.048647403717041
2025-08-26T00:55:49,"Karlsruhe, Germany",3000,conformal_rt_tau1_anchor_primary,conformal_lane_tau0.5_anchor_1,6,62,268739.0,49866368.0,1.0,1.0,1.0,1,0.0053891833469804735,/home/joschua/桌面/KaHIP/min_balanced_cut_road_networks_osm/result/Karlsruhe_Germany/conformal_rt_tau1_anchor_primary/2025-08-26/conformal_lane_tau0.5_anchor_1_run1_k6_a1.0_b1.0_g1.0.png,/home/joschua/桌面/KaHIP/min_balanced_cut_road_networks_osm/result/Karlsruhe_Germany/conformal_rt_tau1_anchor_primary/2025-08-26/conformal_lane_tau0.5_anchor_1_edges_partitions_k6.json,3.030855178833008
2025-08-26T00:55:53,"Karlsruhe, Germany",3000,conformal_rt_tau1_anchor_primary,conformal_lane_tau1_anchor_1,6,66,302982.0,50972292.0,1.0,1.0,1.0,1,0.005944052898386441,/home/joschua/桌面/KaHIP/min_balanced_cut_road_networks_osm/result/Karlsruhe_Germany/conformal_rt_tau1_anchor_primary/2025-08-26/conformal_lane_tau1_anchor_1_run1_k6_a1.0_b1.0_g1.0.png,/home/joschua/桌面/KaHIP/min_balanced_cut_road_networks_osm/result/Karlsruhe_Germany/conformal_rt_tau1_anchor_primary/2025-08-26/conformal_lane_tau1_anchor_1_edges_partitions_k6.json,3.043367624282837
2025-08-26T00:55:57,"Karlsruhe, Germany",3000,conformal_rt_tau1_anchor_primary,conformal_lane_tau2_anchor_1,6,66,329212.0,53488428.0,1.0,1.0,1.0,1,0.006154826610346447,/home/joschua/桌面/KaHIP/min_balanced_cut_road_networks_osm/result/Karlsruhe_Germany/conformal_rt_tau1_anchor_primary/2025-08-26/conformal_lane_tau2_anchor_1_run1_k6_a1.0_b1.0_g1.0.png,/home/joschua/桌面/KaHIP/min_balanced_cut_road_networks_osm/result/Karlsruhe_Germany/conformal_rt_tau1_anchor_primary/2025-08-26/conformal_lane_tau2_anchor_1_edges_partitions_k6.json,3.016131639480591
2025-08-26T00:56:01,"Karlsruhe, Germany",3000,conformal_rt_tau2_anchor_primary,more_lanes_heavier,6,63,333762.0,61537279.0,1.0,1.0,1.0,1,0.00542373672388082,/home/joschua/桌面/KaHIP/min_balanced_cut_road_networks_osm/result/Karlsruhe_Germany/conformal_rt_tau2_anchor_primary/2025-08-26/more_lanes_heavier_run1_k6_a1.0_b1.0_g1.0.png,/home/joschua/桌面/KaHIP/min_balanced_cut_road_networks_osm/result/Karlsruhe_Germany/conformal_rt_tau2_anchor_primary/2025-08-26/more_lanes_heavier_edges_partitions_k6.json,3.0564675331115723
2025-08-26T00:56:05,"Karlsruhe, Germany",3000,conformal_rt_tau2_anchor_primary,conformal_lane_tau0.5_anchor_1,6,57,282720.0,60561150.0,1.0,1.0,1.0,1,0.004668339356171407,/home/joschua/桌面/KaHIP/min_balanced_cut_road_networks_osm/result/Karlsruhe_Germany/conformal_rt_tau2_anchor_primary/2025-08-26/conformal_lane_tau0.5_anchor_1_run1_k6_a1.0_b1.0_g1.0.png,/home/joschua/桌面/KaHIP/min_balanced_cut_road_networks_osm/result/Karlsruhe_Germany/conformal_rt_tau2_anchor_primary/2025-08-26/conformal_lane_tau0.5_anchor_1_edges_partitions_k6.json,3.016993999481201
2025-08-26T00:56:09,"Karlsruhe, Germany",3000,conformal_rt_tau2_anchor_primary,conformal_lane_tau1_anchor_1,6,63,333762.0,61537279.0,1.0,1.0,1.0,1,0.00542373672388082,/home/joschua/桌面/KaHIP/min_balanced_cut_road_networks_osm/result/Karlsruhe_Germany/conformal_rt_tau2_anchor_primary/2025-08-26/conformal_lane_tau1_anchor_1_run1_k6_a1.0_b1.0_g1.0.png,/home/joschua/桌面/KaHIP/min_balanced_cut_road_networks_osm/result/Karlsruhe_Germany/conformal_rt_tau2_anchor_primary/2025-08-26/conformal_lane_tau1_anchor_1_edges_partitions_k6.json,3.0352730751037598
2025-08-26T00:56:13,"Karlsruhe, Germany",3000,conformal_rt_tau2_anchor_primary,conformal_lane_tau2_anchor_1,6,63,333186.0,63453835.0,1.0,1.0,1.0,1,0.005250841024817491,/home/joschua/桌面/KaHIP/min_balanced_cut_road_networks_osm/result/Karlsruhe_Germany/conformal_rt_tau2_anchor_primary/2025-08-26/conformal_lane_tau2_anchor_1_run1_k6_a1.0_b1.0_g1.0.png,/home/joschua/桌面/KaHIP/min_balanced_cut_road_networks_osm/result/Karlsruhe_Germany/conformal_rt_tau2_anchor_primary/2025-08-26/conformal_lane_tau2_anchor_1_edges_partitions_k6.json,3.012563467025757
2025-08-26T00:56:17,"Karlsruhe, Germany",3000,motorway1_rankup_1,more_lanes_heavier,6,57,399014.0,69264609.0,1.0,1.0,1.0,2,0.00576071973495151,/home/joschua/桌面/KaHIP/min_balanced_cut_road_networks_osm/result/Karlsruhe_Germany/motorway1_rankup_1/2025-08-26/more_lanes_heavier_run1_k6_a1.0_b1.0_g1.0.png,/home/joschua/桌面/KaHIP/min_balanced_cut_road_networks_osm/result/Karlsruhe_Germany/motorway1_rankup_1/2025-08-26/more_lanes_heavier_edges_partitions_k6.json,3.0048813819885254
2025-08-26T00:56:21,"Karlsruhe, Germany",3000,motorway1_rankup_1,conformal_lane_tau0.5_anchor_1,6,66,452511.0,68811323.0,1.0,1.0,1.0,2,0.006576112480790407,/home/joschua/桌面/KaHIP/min_balanced_cut_road_networks_osm/result/Karlsruhe_Germany/motorway1_rankup_1/2025-08-26/conformal_lane_tau0.5_anchor_1_run1_k6_a1.0_b1.0_g1.0.png,/home/joschua/桌面/KaHIP/min_balanced_cut_road_networks_osm/result/Karlsruhe_Germany/motorway1_rankup_1/2025-08-26/conformal_lane_tau0.5_anchor_1_edges_partitions_k6.json,3.073272466659546
2025-08-26T00:56:24,"Karlsruhe, Germany",3000,motorway1_rankup_1,conformal_lane_tau1_anchor_1,6,57,399014.0,69264609.0,1.0,1.0,1.0,2,0.00576071973495151,/home/joschua/桌面/KaHIP/min_balanced_cut_road_networks_osm/result/Karlsruhe_Germany/motorway1_rankup_1/2025-08-26/conformal_lane_tau1_anchor_1_run1_k6_a1.0_b1.0_g1.0.png,/home/joschua/桌面/KaHIP/min_balanced_cut_road_networks_osm/result/Karlsruhe_Germany/motorway1_rankup_1/2025-08-26/conformal_lane_tau1_anchor_1_edges_partitions_k6.json,3.0044679641723633
2025-08-26T00:56:28,"Karlsruhe, Germany",3000,motorway1_rankup_1,conformal_lane_tau2_anchor_1,6,60,435185.0,69902064.0,1.0,1.0,1.0,2,0.006225638773699157,/home/joschua/桌面/KaHIP/min_balanced_cut_road_networks_osm/result/Karlsruhe_Germany/motorway1_rankup_1/2025-08-26/conformal_lane_tau2_anchor_1_run1_k6_a1.0_b1.0_g1.0.png,/home/joschua/桌面/KaHIP/min_balanced_cut_road_networks_osm/result/Karlsruhe_Germany/motorway1_rankup_1/2025-08-26/conformal_lane_tau2_anchor_1_edges_partitions_k6.json,2.9931204319000244
2025-08-26T00:56:32,"Karlsruhe, Germany",3000,conformal_rt_tau0.5_anchor_primary,more_lanes_heavier,6,63,261131.0,47589406.0,1.0,1.0,1.0,2,0.005487166618553718,/home/joschua/桌面/KaHIP/min_balanced_cut_road_networks_osm/result/Karlsruhe_Germany/conformal_rt_tau0.5_anchor_primary/2025-08-26/more_lanes_heavier_run1_k6_a1.0_b1.0_g1.0.png,/home/joschua/桌面/KaHIP/min_balanced_cut_road_networks_osm/result/Karlsruhe_Germany/conformal_rt_tau0.5_anchor_primary/2025-08-26/more_lanes_heavier_edges_partitions_k6.json,3.0092945098876953
2025-08-26T00:56:36,"Karlsruhe, Germany",3000,conformal_rt_tau0.5_anchor_primary,conformal_lane_tau0.5_anchor_1,6,63,258016.0,46476691.0,1.0,1.0,1.0,2,0.005551513983643974,/home/joschua/桌面/KaHIP/min_balanced_cut_road_networks_osm/result/Karlsruhe_Germany/conformal_rt_tau0.5_anchor_primary/2025-08-26/conformal_lane_tau0.5_anchor_1_run1_k6_a1.0_b1.0_g1.0.png,/home/joschua/桌面/KaHIP/min_balanced_cut_road_networks_osm/result/Karlsruhe_Germany/conformal_rt_tau0.5_anchor_primary/2025-08-26/conformal_lane_tau0.5_anchor_1_edges_partitions_k6.json,3.0187900066375732
2025-08-26T00:56:40,"Karlsruhe, Germany",3000,conformal_rt_tau0.5_anchor_primary,conformal_lane_tau1_anchor_1,6,63,261131.0,47589406.0,1.0,1.0,1.0,2,0.005487166618553718,/home/joschua/桌面/KaHIP/min_balanced_cut_road_networks_osm/result/Karlsruhe_Germany/conformal_rt_tau0.5_anchor_primary/2025-08-26/conformal_lane_tau1_anchor_1_run1_k6_a1.0_b1.0_g1.0.png,/home/joschua/桌面/KaHIP/min_balanced_cut_road_networks_osm/result/Karlsruhe_Germany/conformal_rt_tau0.5_anchor_primary/2025-08-26/conformal_lane_tau1_anchor_1_edges_partitions_k6.json,3.015810966491699
2025-08-26T00:56:44,"Karlsruhe, Germany",3000,conformal_rt_tau0.5_anchor_primary,conformal_lane_tau2_anchor_1,6,61,285108.0,50271045.0,1.0,1.0,1.0,2,0.005671415821970679,/home/joschua/桌面/KaHIP/min_balanced_cut_road_networks_osm/result/Karlsruhe_Germany/conformal_rt_tau0.5_anchor_primary/2025-08-26/conformal_lane_tau2_anchor_1_run1_k6_a1.0_b1.0_g1.0.png,/home/joschua/桌面/KaHIP/min_balanced_cut_road_networks_osm/result/Karlsruhe_Germany/conformal_rt_tau0.5_anchor_primary/2025-08-26/conformal_lane_tau2_anchor_1_edges_partitions_k6.json,3.0330729484558105
2025-08-26T00:56:48,"Karlsruhe, Germany",3000,conformal_rt_tau1_anchor_primary,more_lanes_heavier,6,66,302982.0,50972292.0,1.0,1.0,1.0,2,0.005944052898386441,/home/joschua/桌面/KaHIP/min_balanced_cut_road_networks_osm/result/Karlsruhe_Germany/conformal_rt_tau1_anchor_primary/2025-08-26/more_lanes_heavier_run1_k6_a1.0_b1.0_g1.0.png,/home/joschua/桌面/KaHIP/min_balanced_cut_road_networks_osm/result/Karlsruhe_Germany/conformal_rt_tau1_anchor_primary/2025-08-26/more_lanes_heavier_edges_partitions_k6.json,3.0564420223236084
2025-08-26T00:56:52,"Karlsruhe, Germany",3000,conformal_rt_tau1_anchor_primary,conformal_lane_tau0.5_anchor_1,6,62,268739.0,49866368.0,1.0,1.0,1.0,2,0.0053891833469804735,/home/joschua/桌面/KaHIP/min_balanced_cut_road_networks_osm/result/Karlsruhe_Germany/conformal_rt_tau1_anchor_primary/2025-08-26/conformal_lane_tau0.5_anchor_1_run1_k6_a1.0_b1.0_g1.0.png,/home/joschua/桌面/KaHIP/min_balanced_cut_road_networks_osm/result/Karlsruhe_Germany/conformal_rt_tau1_anchor_primary/2025-08-26/conformal_lane_tau0.5_anchor_1_edges_partitions_k6.json,3.0564675331115723
2025-08-26T00:56:56,"Karlsruhe, Germany",3000,conformal_rt_tau1_anchor_primary,conformal_lane_tau1_anchor_1,6,66,302982.0,50972292.0,1.0,1.0,1.0,2,0.005944052898386441,/home/joschua/桌面/KaHIP/min_balanced_cut_road_networks_osm/result/Karlsruhe_Germany/conformal_rt_tau1_anchor_primary/2025-08-26/conformal_lane_tau1_anchor_1_run1_k6_a1.0_b1.0_g1.0.png,/home/joschua/桌面/KaHIP/min_balanced_cut_road_networks_osm/result/Karlsruhe_Germany/conformal_rt_tau1_anchor_primary/2025-08-26/conformal_lane_tau1_anchor_1_edges_partitions_k6.json,3.0556819438934326
2025-08-26T00:57:00,"Karlsruhe, Germany",3000,conformal_rt_tau1_anchor_primary,conformal_lane_tau2_anchor_1,6,66,329212.0,53488428.0,1.0,1.0,1.0,2,0.006154826610346447,/home/joschua/桌面/KaHIP/min_balanced_cut_road_networks_osm/result/Karlsruhe_Germany/conformal_rt_tau1_anchor_primary/2025-08-26/conformal_lane_tau2_anchor_1_run1_k6_a1.0_b1.0_g1.0.png,/home/joschua/桌面/KaHIP/min_balanced_cut_road_networks_osm/result/Karlsruhe_Germany/conformal_rt_tau1_anchor_primary/2025-08-26/conformal_lane_tau2_anchor_1_edges_partitions_k6.json,3.021596670150757
2025-08-26T00:57:04,"Karlsruhe, Germany",3000,conformal_rt_tau2_anchor_primary,more_lanes_heavier,6,63,333762.0,61537279.0,1.0,1.0,1.0,2,0.00542373672388082,/home/joschua/桌面/KaHIP/min_balanced_cut_road_networks_osm/result/Karlsruhe_Germany/conformal_rt_tau2_anchor_primary/2025-08-26/more_lanes_heavier_run1_k6_a1.0_b1.0_g1.0.png,/home/joschua/桌面/KaHIP/min_balanced_cut_road_networks_osm/result/Karlsruhe_Germany/conformal_rt_tau2_anchor_primary/2025-08-26/more_lanes_heavier_edges_partitions_k6.json,3.0409321784973145
2025-08-26T00:57:08,"Karlsruhe, Germany",3000,conformal_rt_tau2_anchor_primary,conformal_lane_tau0.5_anchor_1,6,57,282720.0,60561150.0,1.0,1.0,1.0,2,0.004668339356171407,/home/joschua/桌面/KaHIP/min_balanced_cut_road_networks_osm/result/Karlsruhe_Germany/conformal_rt_tau2_anchor_primary/2025-08-26/conformal_lane_tau0.5_anchor_1_run1_k6_a1.0_b1.0_g1.0.png,/home/joschua/桌面/KaHIP/min_balanced_cut_road_networks_osm/result/Karlsruhe_Germany/conformal_rt_tau2_anchor_primary/2025-08-26/conformal_lane_tau0.5_anchor_1_edges_partitions_k6.json,3.0177559852600098
2025-08-26T00:57:11,"Karlsruhe, Germany",3000,conformal_rt_tau2_anchor_primary,conformal_lane_tau1_anchor_1,6,63,333762.0,61537279.0,1.0,1.0,1.0,2,0.00542373672388082,/home/joschua/桌面/KaHIP/min_balanced_cut_road_networks_osm/result/Karlsruhe_Germany/conformal_rt_tau2_anchor_primary/2025-08-26/conformal_lane_tau1_anchor_1_run1_k6_a1.0_b1.0_g1.0.png,/home/joschua/桌面/KaHIP/min_balanced_cut_road_networks_osm/result/Karlsruhe_Germany/conformal_rt_tau2_anchor_primary/2025-08-26/conformal_lane_tau1_anchor_1_edges_partitions_k6.json,3.044003486633301
2025-08-26T00:57:15,"Karlsruhe, Germany",3000,conformal_rt_tau2_anchor_primary,conformal_lane_tau2_anchor_1,6,63,333186.0,63453835.0,1.0,1.0,1.0,2,0.005250841024817491,/home/joschua/桌面/KaHIP/min_balanced_cut_road_networks_osm/result/Karlsruhe_Germany/conformal_rt_tau2_anchor_primary/2025-08-26/conformal_lane_tau2_anchor_1_run1_k6_a1.0_b1.0_g1.0.png,/home/joschua/桌面/KaHIP/min_balanced_cut_road_networks_osm/result/Karlsruhe_Germany/conformal_rt_tau2_anchor_primary/2025-08-26/conformal_lane_tau2_anchor_1_edges_partitions_k6.json,3.020315170288086
