ts,place,dist,weight_version,lane_weight_version,k,cut_edge_count,cut_edge_weight_sum,total_weight,alpha,beta,gamma,seed,cut_ratio,png_path,json_path,run_seconds,phase,road_profile,road_tau,road_scale,lane_profile,lane_tau,lane_scale
2025-08-26T19:51:32,"Paris, France",3000,rt_motorway_high_t-2,ln_all_ones_t+0,6,148,272750.0,32641500.0,1.0,1.0,0.0,0,0.0083559272704992,/home/joschua/桌面/KaHIP/min_balanced_cut_road_networks_osm/result/Paris_France/rt_motorway_high_t-2/2025-08-26/ln_all_ones_t+0_run1_k6_a1.0_b1.0_g0.0.png,/home/joschua/桌面/KaHIP/min_balanced_cut_road_networks_osm/result/Paris_France/rt_motorway_high_t-2/2025-08-26/ln_all_ones_t+0_edges_partitions_k6.json,4.395486831665039,road,motorway_high,-2,0.25,all_ones,0,1.0
2025-08-26T19:51:37,"Paris, France",3000,rt_motorway_high_t-2,ln_all_ones_t+0,6,148,272750.0,32641500.0,1.0,1.0,0.0,1,0.0083559272704992,/home/joschua/桌面/KaHIP/min_balanced_cut_road_networks_osm/result/Paris_France/rt_motorway_high_t-2/2025-08-26/ln_all_ones_t+0_run1_k6_a1.0_b1.0_g0.0.png,/home/joschua/桌面/KaHIP/min_balanced_cut_road_networks_osm/result/Paris_France/rt_motorway_high_t-2/2025-08-26/ln_all_ones_t+0_edges_partitions_k6.json,4.344072103500366,road,motorway_high,-2,0.25,all_ones,0,1.0
2025-08-26T19:51:42,"Paris, France",3000,rt_motorway_high_t-2,ln_all_ones_t+0,6,148,272750.0,32641500.0,1.0,1.0,0.0,2,0.0083559272704992,/home/joschua/桌面/KaHIP/min_balanced_cut_road_networks_osm/result/Paris_France/rt_motorway_high_t-2/2025-08-26/ln_all_ones_t+0_run1_k6_a1.0_b1.0_g0.0.png,/home/joschua/桌面/KaHIP/min_balanced_cut_road_networks_osm/result/Paris_France/rt_motorway_high_t-2/2025-08-26/ln_all_ones_t+0_edges_partitions_k6.json,4.325639009475708,road,motorway_high,-2,0.25,all_ones,0,1.0
2025-08-26T19:51:47,"Paris, France",3000,rt_motorway_high_t-1,ln_all_ones_t+0,6,136,359000.0,50558000.0,1.0,1.0,0.0,0,0.0071007555678626,/home/joschua/桌面/KaHIP/min_balanced_cut_road_networks_osm/result/Paris_France/rt_motorway_high_t-1/2025-08-26/ln_all_ones_t+0_run1_k6_a1.0_b1.0_g0.0.png,/home/joschua/桌面/KaHIP/min_balanced_cut_road_networks_osm/result/Paris_France/rt_motorway_high_t-1/2025-08-26/ln_all_ones_t+0_edges_partitions_k6.json,4.319624423980713,road,motorway_high,-1,0.5,all_ones,0,1.0
2025-08-26T19:51:53,"Paris, France",3000,rt_motorway_high_t-1,ln_all_ones_t+0,6,136,359000.0,50558000.0,1.0,1.0,0.0,1,0.0071007555678626,/home/joschua/桌面/KaHIP/min_balanced_cut_road_networks_osm/result/Paris_France/rt_motorway_high_t-1/2025-08-26/ln_all_ones_t+0_run1_k6_a1.0_b1.0_g0.0.png,/home/joschua/桌面/KaHIP/min_balanced_cut_road_networks_osm/result/Paris_France/rt_motorway_high_t-1/2025-08-26/ln_all_ones_t+0_edges_partitions_k6.json,4.329930782318115,road,motorway_high,-1,0.5,all_ones,0,1.0
2025-08-26T19:51:58,"Paris, France",3000,rt_motorway_high_t-1,ln_all_ones_t+0,6,136,359000.0,50558000.0,1.0,1.0,0.0,2,0.0071007555678626,/home/joschua/桌面/KaHIP/min_balanced_cut_road_networks_osm/result/Paris_France/rt_motorway_high_t-1/2025-08-26/ln_all_ones_t+0_run1_k6_a1.0_b1.0_g0.0.png,/home/joschua/桌面/KaHIP/min_balanced_cut_road_networks_osm/result/Paris_France/rt_motorway_high_t-1/2025-08-26/ln_all_ones_t+0_edges_partitions_k6.json,4.3397276401519775,road,motorway_high,-1,0.5,all_ones,0,1.0
2025-08-26T19:52:03,"Paris, France",3000,rt_motorway_high_t+0,ln_all_ones_t+0,6,152,663000.0,85745000.0,1.0,1.0,0.0,0,0.0077322292845063,/home/joschua/桌面/KaHIP/min_balanced_cut_road_networks_osm/result/Paris_France/rt_motorway_high_t+0/2025-08-26/ln_all_ones_t+0_run1_k6_a1.0_b1.0_g0.0.png,/home/joschua/桌面/KaHIP/min_balanced_cut_road_networks_osm/result/Paris_France/rt_motorway_high_t+0/2025-08-26/ln_all_ones_t+0_edges_partitions_k6.json,4.31792688369751,road,motorway_high,0,1.0,all_ones,0,1.0
2025-08-26T19:52:08,"Paris, France",3000,rt_motorway_high_t+0,ln_all_ones_t+0,6,152,663000.0,85745000.0,1.0,1.0,0.0,1,0.0077322292845063,/home/joschua/桌面/KaHIP/min_balanced_cut_road_networks_osm/result/Paris_France/rt_motorway_high_t+0/2025-08-26/ln_all_ones_t+0_run1_k6_a1.0_b1.0_g0.0.png,/home/joschua/桌面/KaHIP/min_balanced_cut_road_networks_osm/result/Paris_France/rt_motorway_high_t+0/2025-08-26/ln_all_ones_t+0_edges_partitions_k6.json,4.330618143081665,road,motorway_high,0,1.0,all_ones,0,1.0
2025-08-26T19:52:14,"Paris, France",3000,rt_motorway_high_t+0,ln_all_ones_t+0,6,152,663000.0,85745000.0,1.0,1.0,0.0,2,0.0077322292845063,/home/joschua/桌面/KaHIP/min_balanced_cut_road_networks_osm/result/Paris_France/rt_motorway_high_t+0/2025-08-26/ln_all_ones_t+0_run1_k6_a1.0_b1.0_g0.0.png,/home/joschua/桌面/KaHIP/min_balanced_cut_road_networks_osm/result/Paris_France/rt_motorway_high_t+0/2025-08-26/ln_all_ones_t+0_edges_partitions_k6.json,4.355233192443848,road,motorway_high,0,1.0,all_ones,0,1.0
2025-08-26T19:52:19,"Paris, France",3000,rt_motorway_high_t+1,ln_all_ones_t+0,6,155,1105000.0,127265000.0,1.0,1.0,0.0,0,0.0086826700192511,/home/joschua/桌面/KaHIP/min_balanced_cut_road_networks_osm/result/Paris_France/rt_motorway_high_t+1/2025-08-26/ln_all_ones_t+0_run1_k6_a1.0_b1.0_g0.0.png,/home/joschua/桌面/KaHIP/min_balanced_cut_road_networks_osm/result/Paris_France/rt_motorway_high_t+1/2025-08-26/ln_all_ones_t+0_edges_partitions_k6.json,4.261295318603516,road,motorway_high,1,2.0,all_ones,0,1.0
2025-08-26T19:52:24,"Paris, France",3000,rt_motorway_high_t+1,ln_all_ones_t+0,6,155,1105000.0,127265000.0,1.0,1.0,0.0,1,0.0086826700192511,/home/joschua/桌面/KaHIP/min_balanced_cut_road_networks_osm/result/Paris_France/rt_motorway_high_t+1/2025-08-26/ln_all_ones_t+0_run1_k6_a1.0_b1.0_g0.0.png,/home/joschua/桌面/KaHIP/min_balanced_cut_road_networks_osm/result/Paris_France/rt_motorway_high_t+1/2025-08-26/ln_all_ones_t+0_edges_partitions_k6.json,4.306590795516968,road,motorway_high,1,2.0,all_ones,0,1.0
2025-08-26T19:52:29,"Paris, France",3000,rt_motorway_high_t+1,ln_all_ones_t+0,6,155,1105000.0,127265000.0,1.0,1.0,0.0,2,0.0086826700192511,/home/joschua/桌面/KaHIP/min_balanced_cut_road_networks_osm/result/Paris_France/rt_motorway_high_t+1/2025-08-26/ln_all_ones_t+0_run1_k6_a1.0_b1.0_g0.0.png,/home/joschua/桌面/KaHIP/min_balanced_cut_road_networks_osm/result/Paris_France/rt_motorway_high_t+1/2025-08-26/ln_all_ones_t+0_edges_partitions_k6.json,4.338940620422363,road,motorway_high,1,2.0,all_ones,0,1.0
2025-08-26T19:52:35,"Paris, France",3000,rt_motorway_high_t+2,ln_all_ones_t+0,6,143,1325000.0,144111000.0,1.0,1.0,0.0,0,0.0091943016147275,/home/joschua/桌面/KaHIP/min_balanced_cut_road_networks_osm/result/Paris_France/rt_motorway_high_t+2/2025-08-26/ln_all_ones_t+0_run1_k6_a1.0_b1.0_g0.0.png,/home/joschua/桌面/KaHIP/min_balanced_cut_road_networks_osm/result/Paris_France/rt_motorway_high_t+2/2025-08-26/ln_all_ones_t+0_edges_partitions_k6.json,4.276232004165649,road,motorway_high,2,4.0,all_ones,0,1.0
2025-08-26T19:52:40,"Paris, France",3000,rt_motorway_high_t+2,ln_all_ones_t+0,6,143,1325000.0,144111000.0,1.0,1.0,0.0,1,0.0091943016147275,/home/joschua/桌面/KaHIP/min_balanced_cut_road_networks_osm/result/Paris_France/rt_motorway_high_t+2/2025-08-26/ln_all_ones_t+0_run1_k6_a1.0_b1.0_g0.0.png,/home/joschua/桌面/KaHIP/min_balanced_cut_road_networks_osm/result/Paris_France/rt_motorway_high_t+2/2025-08-26/ln_all_ones_t+0_edges_partitions_k6.json,4.338754892349243,road,motorway_high,2,4.0,all_ones,0,1.0
2025-08-26T19:52:45,"Paris, France",3000,rt_motorway_high_t+2,ln_all_ones_t+0,6,143,1325000.0,144111000.0,1.0,1.0,0.0,2,0.0091943016147275,/home/joschua/桌面/KaHIP/min_balanced_cut_road_networks_osm/result/Paris_France/rt_motorway_high_t+2/2025-08-26/ln_all_ones_t+0_run1_k6_a1.0_b1.0_g0.0.png,/home/joschua/桌面/KaHIP/min_balanced_cut_road_networks_osm/result/Paris_France/rt_motorway_high_t+2/2025-08-26/ln_all_ones_t+0_edges_partitions_k6.json,4.277624130249023,road,motorway_high,2,4.0,all_ones,0,1.0
2025-08-26T19:52:50,"Paris, France",3000,rt_motorway_low_t-2,ln_all_ones_t+0,6,161,594500.0,52019750.0,1.0,1.0,0.0,0,0.0114283517317941,/home/joschua/桌面/KaHIP/min_balanced_cut_road_networks_osm/result/Paris_France/rt_motorway_low_t-2/2025-08-26/ln_all_ones_t+0_run1_k6_a1.0_b1.0_g0.0.png,/home/joschua/桌面/KaHIP/min_balanced_cut_road_networks_osm/result/Paris_France/rt_motorway_low_t-2/2025-08-26/ln_all_ones_t+0_edges_partitions_k6.json,4.301086187362671,road,motorway_low,-2,0.25,all_ones,0,1.0
2025-08-26T19:52:56,"Paris, France",3000,rt_motorway_low_t-2,ln_all_ones_t+0,6,161,594500.0,52019750.0,1.0,1.0,0.0,1,0.0114283517317941,/home/joschua/桌面/KaHIP/min_balanced_cut_road_networks_osm/result/Paris_France/rt_motorway_low_t-2/2025-08-26/ln_all_ones_t+0_run1_k6_a1.0_b1.0_g0.0.png,/home/joschua/桌面/KaHIP/min_balanced_cut_road_networks_osm/result/Paris_France/rt_motorway_low_t-2/2025-08-26/ln_all_ones_t+0_edges_partitions_k6.json,4.308379650115967,road,motorway_low,-2,0.25,all_ones,0,1.0
2025-08-26T19:53:01,"Paris, France",3000,rt_motorway_low_t-2,ln_all_ones_t+0,6,161,594500.0,52019750.0,1.0,1.0,0.0,2,0.0114283517317941,/home/joschua/桌面/KaHIP/min_balanced_cut_road_networks_osm/result/Paris_France/rt_motorway_low_t-2/2025-08-26/ln_all_ones_t+0_run1_k6_a1.0_b1.0_g0.0.png,/home/joschua/桌面/KaHIP/min_balanced_cut_road_networks_osm/result/Paris_France/rt_motorway_low_t-2/2025-08-26/ln_all_ones_t+0_edges_partitions_k6.json,4.277248859405518,road,motorway_low,-2,0.25,all_ones,0,1.0
2025-08-26T19:53:06,"Paris, France",3000,rt_motorway_low_t-1,ln_all_ones_t+0,6,158,1027000.0,89314500.0,1.0,1.0,0.0,0,0.0114986928214343,/home/joschua/桌面/KaHIP/min_balanced_cut_road_networks_osm/result/Paris_France/rt_motorway_low_t-1/2025-08-26/ln_all_ones_t+0_run1_k6_a1.0_b1.0_g0.0.png,/home/joschua/桌面/KaHIP/min_balanced_cut_road_networks_osm/result/Paris_France/rt_motorway_low_t-1/2025-08-26/ln_all_ones_t+0_edges_partitions_k6.json,4.297972202301025,road,motorway_low,-1,0.5,all_ones,0,1.0
2025-08-26T19:53:11,"Paris, France",3000,rt_motorway_low_t-1,ln_all_ones_t+0,6,158,1027000.0,89314500.0,1.0,1.0,0.0,1,0.0114986928214343,/home/joschua/桌面/KaHIP/min_balanced_cut_road_networks_osm/result/Paris_France/rt_motorway_low_t-1/2025-08-26/ln_all_ones_t+0_run1_k6_a1.0_b1.0_g0.0.png,/home/joschua/桌面/KaHIP/min_balanced_cut_road_networks_osm/result/Paris_France/rt_motorway_low_t-1/2025-08-26/ln_all_ones_t+0_edges_partitions_k6.json,4.34955358505249,road,motorway_low,-1,0.5,all_ones,0,1.0
2025-08-26T19:53:17,"Paris, France",3000,rt_motorway_low_t-1,ln_all_ones_t+0,6,158,1027000.0,89314500.0,1.0,1.0,0.0,2,0.0114986928214343,/home/joschua/桌面/KaHIP/min_balanced_cut_road_networks_osm/result/Paris_France/rt_motorway_low_t-1/2025-08-26/ln_all_ones_t+0_run1_k6_a1.0_b1.0_g0.0.png,/home/joschua/桌面/KaHIP/min_balanced_cut_road_networks_osm/result/Paris_France/rt_motorway_low_t-1/2025-08-26/ln_all_ones_t+0_edges_partitions_k6.json,4.280379295349121,road,motorway_low,-1,0.5,all_ones,0,1.0
2025-08-26T19:53:22,"Paris, France",3000,rt_motorway_low_t+0,ln_all_ones_t+0,6,159,1582000.0,144484000.0,1.0,1.0,0.0,0,0.0109493092660779,/home/joschua/桌面/KaHIP/min_balanced_cut_road_networks_osm/result/Paris_France/rt_motorway_low_t+0/2025-08-26/ln_all_ones_t+0_run1_k6_a1.0_b1.0_g0.0.png,/home/joschua/桌面/KaHIP/min_balanced_cut_road_networks_osm/result/Paris_France/rt_motorway_low_t+0/2025-08-26/ln_all_ones_t+0_edges_partitions_k6.json,4.303767681121826,road,motorway_low,0,1.0,all_ones,0,1.0
2025-08-26T19:53:27,"Paris, France",3000,rt_motorway_low_t+0,ln_all_ones_t+0,6,159,1582000.0,144484000.0,1.0,1.0,0.0,1,0.0109493092660779,/home/joschua/桌面/KaHIP/min_balanced_cut_road_networks_osm/result/Paris_France/rt_motorway_low_t+0/2025-08-26/ln_all_ones_t+0_run1_k6_a1.0_b1.0_g0.0.png,/home/joschua/桌面/KaHIP/min_balanced_cut_road_networks_osm/result/Paris_France/rt_motorway_low_t+0/2025-08-26/ln_all_ones_t+0_edges_partitions_k6.json,4.287336111068726,road,motorway_low,0,1.0,all_ones,0,1.0
2025-08-26T19:53:32,"Paris, France",3000,rt_motorway_low_t+0,ln_all_ones_t+0,6,159,1582000.0,144484000.0,1.0,1.0,0.0,2,0.0109493092660779,/home/joschua/桌面/KaHIP/min_balanced_cut_road_networks_osm/result/Paris_France/rt_motorway_low_t+0/2025-08-26/ln_all_ones_t+0_run1_k6_a1.0_b1.0_g0.0.png,/home/joschua/桌面/KaHIP/min_balanced_cut_road_networks_osm/result/Paris_France/rt_motorway_low_t+0/2025-08-26/ln_all_ones_t+0_edges_partitions_k6.json,4.261648178100586,road,motorway_low,0,1.0,all_ones,0,1.0
2025-08-26T19:53:37,"Paris, France",3000,rt_motorway_low_t+1,ln_all_ones_t+0,6,153,1528000.0,146854000.0,1.0,1.0,0.0,0,0.0104048919334849,/home/joschua/桌面/KaHIP/min_balanced_cut_road_networks_osm/result/Paris_France/rt_motorway_low_t+1/2025-08-26/ln_all_ones_t+0_run1_k6_a1.0_b1.0_g0.0.png,/home/joschua/桌面/KaHIP/min_balanced_cut_road_networks_osm/result/Paris_France/rt_motorway_low_t+1/2025-08-26/ln_all_ones_t+0_edges_partitions_k6.json,4.317923545837402,road,motorway_low,1,2.0,all_ones,0,1.0
2025-08-26T19:53:43,"Paris, France",3000,rt_motorway_low_t+1,ln_all_ones_t+0,6,153,1528000.0,146854000.0,1.0,1.0,0.0,1,0.0104048919334849,/home/joschua/桌面/KaHIP/min_balanced_cut_road_networks_osm/result/Paris_France/rt_motorway_low_t+1/2025-08-26/ln_all_ones_t+0_run1_k6_a1.0_b1.0_g0.0.png,/home/joschua/桌面/KaHIP/min_balanced_cut_road_networks_osm/result/Paris_France/rt_motorway_low_t+1/2025-08-26/ln_all_ones_t+0_edges_partitions_k6.json,4.251071214675903,road,motorway_low,1,2.0,all_ones,0,1.0
2025-08-26T19:53:48,"Paris, France",3000,rt_motorway_low_t+1,ln_all_ones_t+0,6,153,1528000.0,146854000.0,1.0,1.0,0.0,2,0.0104048919334849,/home/joschua/桌面/KaHIP/min_balanced_cut_road_networks_osm/result/Paris_France/rt_motorway_low_t+1/2025-08-26/ln_all_ones_t+0_run1_k6_a1.0_b1.0_g0.0.png,/home/joschua/桌面/KaHIP/min_balanced_cut_road_networks_osm/result/Paris_France/rt_motorway_low_t+1/2025-08-26/ln_all_ones_t+0_edges_partitions_k6.json,4.239534378051758,road,motorway_low,1,2.0,all_ones,0,1.0
2025-08-26T19:53:53,"Paris, France",3000,rt_motorway_low_t+2,ln_all_ones_t+0,6,145,1450000.0,147185000.0,1.0,1.0,0.0,0,0.0098515473723545,/home/joschua/桌面/KaHIP/min_balanced_cut_road_networks_osm/result/Paris_France/rt_motorway_low_t+2/2025-08-26/ln_all_ones_t+0_run1_k6_a1.0_b1.0_g0.0.png,/home/joschua/桌面/KaHIP/min_balanced_cut_road_networks_osm/result/Paris_France/rt_motorway_low_t+2/2025-08-26/ln_all_ones_t+0_edges_partitions_k6.json,4.277070760726929,road,motorway_low,2,4.0,all_ones,0,1.0
2025-08-26T19:53:58,"Paris, France",3000,rt_motorway_low_t+2,ln_all_ones_t+0,6,145,1450000.0,147185000.0,1.0,1.0,0.0,1,0.0098515473723545,/home/joschua/桌面/KaHIP/min_balanced_cut_road_networks_osm/result/Paris_France/rt_motorway_low_t+2/2025-08-26/ln_all_ones_t+0_run1_k6_a1.0_b1.0_g0.0.png,/home/joschua/桌面/KaHIP/min_balanced_cut_road_networks_osm/result/Paris_France/rt_motorway_low_t+2/2025-08-26/ln_all_ones_t+0_edges_partitions_k6.json,4.248887300491333,road,motorway_low,2,4.0,all_ones,0,1.0
2025-08-26T19:54:03,"Paris, France",3000,rt_motorway_low_t+2,ln_all_ones_t+0,6,145,1450000.0,147185000.0,1.0,1.0,0.0,2,0.0098515473723545,/home/joschua/桌面/KaHIP/min_balanced_cut_road_networks_osm/result/Paris_France/rt_motorway_low_t+2/2025-08-26/ln_all_ones_t+0_run1_k6_a1.0_b1.0_g0.0.png,/home/joschua/桌面/KaHIP/min_balanced_cut_road_networks_osm/result/Paris_France/rt_motorway_low_t+2/2025-08-26/ln_all_ones_t+0_edges_partitions_k6.json,4.227869987487793,road,motorway_low,2,4.0,all_ones,0,1.0
2025-08-26T19:54:07,"Karlsruhe, Germany",3000,rt_motorway_high_t-2,ln_all_ones_t+0,6,61,102750.0,17397250.0,1.0,1.0,0.0,0,0.0059061058500625,/home/joschua/桌面/KaHIP/min_balanced_cut_road_networks_osm/result/Karlsruhe_Germany/rt_motorway_high_t-2/2025-08-26/ln_all_ones_t+0_run1_k6_a1.0_b1.0_g0.0.png,/home/joschua/桌面/KaHIP/min_balanced_cut_road_networks_osm/result/Karlsruhe_Germany/rt_motorway_high_t-2/2025-08-26/ln_all_ones_t+0_edges_partitions_k6.json,3.0810582637786865,road,motorway_high,-2,0.25,all_ones,0,1.0
2025-08-26T19:54:11,"Karlsruhe, Germany",3000,rt_motorway_high_t-2,ln_all_ones_t+0,6,61,102750.0,17397250.0,1.0,1.0,0.0,1,0.0059061058500625,/home/joschua/桌面/KaHIP/min_balanced_cut_road_networks_osm/result/Karlsruhe_Germany/rt_motorway_high_t-2/2025-08-26/ln_all_ones_t+0_run1_k6_a1.0_b1.0_g0.0.png,/home/joschua/桌面/KaHIP/min_balanced_cut_road_networks_osm/result/Karlsruhe_Germany/rt_motorway_high_t-2/2025-08-26/ln_all_ones_t+0_edges_partitions_k6.json,3.066578149795532,road,motorway_high,-2,0.25,all_ones,0,1.0
2025-08-26T19:54:15,"Karlsruhe, Germany",3000,rt_motorway_high_t-2,ln_all_ones_t+0,6,61,102750.0,17397250.0,1.0,1.0,0.0,2,0.0059061058500625,/home/joschua/桌面/KaHIP/min_balanced_cut_road_networks_osm/result/Karlsruhe_Germany/rt_motorway_high_t-2/2025-08-26/ln_all_ones_t+0_run1_k6_a1.0_b1.0_g0.0.png,/home/joschua/桌面/KaHIP/min_balanced_cut_road_networks_osm/result/Karlsruhe_Germany/rt_motorway_high_t-2/2025-08-26/ln_all_ones_t+0_edges_partitions_k6.json,3.0741641521453857,road,motorway_high,-2,0.25,all_ones,0,1.0
2025-08-26T19:54:19,"Karlsruhe, Germany",3000,rt_motorway_high_t-1,ln_all_ones_t+0,6,62,146500.0,27459500.0,1.0,1.0,0.0,0,0.0053351299186074,/home/joschua/桌面/KaHIP/min_balanced_cut_road_networks_osm/result/Karlsruhe_Germany/rt_motorway_high_t-1/2025-08-26/ln_all_ones_t+0_run1_k6_a1.0_b1.0_g0.0.png,/home/joschua/桌面/KaHIP/min_balanced_cut_road_networks_osm/result/Karlsruhe_Germany/rt_motorway_high_t-1/2025-08-26/ln_all_ones_t+0_edges_partitions_k6.json,3.041015386581421,road,motorway_high,-1,0.5,all_ones,0,1.0
2025-08-26T19:54:23,"Karlsruhe, Germany",3000,rt_motorway_high_t-1,ln_all_ones_t+0,6,62,146500.0,27459500.0,1.0,1.0,0.0,1,0.0053351299186074,/home/joschua/桌面/KaHIP/min_balanced_cut_road_networks_osm/result/Karlsruhe_Germany/rt_motorway_high_t-1/2025-08-26/ln_all_ones_t+0_run1_k6_a1.0_b1.0_g0.0.png,/home/joschua/桌面/KaHIP/min_balanced_cut_road_networks_osm/result/Karlsruhe_Germany/rt_motorway_high_t-1/2025-08-26/ln_all_ones_t+0_edges_partitions_k6.json,3.0546915531158447,road,motorway_high,-1,0.5,all_ones,0,1.0
2025-08-26T19:54:27,"Karlsruhe, Germany",3000,rt_motorway_high_t-1,ln_all_ones_t+0,6,62,146500.0,27459500.0,1.0,1.0,0.0,2,0.0053351299186074,/home/joschua/桌面/KaHIP/min_balanced_cut_road_networks_osm/result/Karlsruhe_Germany/rt_motorway_high_t-1/2025-08-26/ln_all_ones_t+0_run1_k6_a1.0_b1.0_g0.0.png,/home/joschua/桌面/KaHIP/min_balanced_cut_road_networks_osm/result/Karlsruhe_Germany/rt_motorway_high_t-1/2025-08-26/ln_all_ones_t+0_edges_partitions_k6.json,3.0886900424957275,road,motorway_high,-1,0.5,all_ones,0,1.0
2025-08-26T19:54:31,"Karlsruhe, Germany",3000,rt_motorway_high_t+0,ln_all_ones_t+0,6,58,217000.0,46743000.0,1.0,1.0,0.0,0,0.0046424063496138,/home/joschua/桌面/KaHIP/min_balanced_cut_road_networks_osm/result/Karlsruhe_Germany/rt_motorway_high_t+0/2025-08-26/ln_all_ones_t+0_run1_k6_a1.0_b1.0_g0.0.png,/home/joschua/桌面/KaHIP/min_balanced_cut_road_networks_osm/result/Karlsruhe_Germany/rt_motorway_high_t+0/2025-08-26/ln_all_ones_t+0_edges_partitions_k6.json,3.0284740924835205,road,motorway_high,0,1.0,all_ones,0,1.0
2025-08-26T19:54:35,"Karlsruhe, Germany",3000,rt_motorway_high_t+0,ln_all_ones_t+0,6,58,217000.0,46743000.0,1.0,1.0,0.0,1,0.0046424063496138,/home/joschua/桌面/KaHIP/min_balanced_cut_road_networks_osm/result/Karlsruhe_Germany/rt_motorway_high_t+0/2025-08-26/ln_all_ones_t+0_run1_k6_a1.0_b1.0_g0.0.png,/home/joschua/桌面/KaHIP/min_balanced_cut_road_networks_osm/result/Karlsruhe_Germany/rt_motorway_high_t+0/2025-08-26/ln_all_ones_t+0_edges_partitions_k6.json,3.058548212051392,road,motorway_high,0,1.0,all_ones,0,1.0
2025-08-26T19:54:39,"Karlsruhe, Germany",3000,rt_motorway_high_t+0,ln_all_ones_t+0,6,58,217000.0,46743000.0,1.0,1.0,0.0,2,0.0046424063496138,/home/joschua/桌面/KaHIP/min_balanced_cut_road_networks_osm/result/Karlsruhe_Germany/rt_motorway_high_t+0/2025-08-26/ln_all_ones_t+0_run1_k6_a1.0_b1.0_g0.0.png,/home/joschua/桌面/KaHIP/min_balanced_cut_road_networks_osm/result/Karlsruhe_Germany/rt_motorway_high_t+0/2025-08-26/ln_all_ones_t+0_edges_partitions_k6.json,3.0363028049468994,road,motorway_high,0,1.0,all_ones,0,1.0
2025-08-26T19:54:43,"Karlsruhe, Germany",3000,rt_motorway_high_t+1,ln_all_ones_t+0,6,64,408000.0,66782000.0,1.0,1.0,0.0,0,0.006109430684915,/home/joschua/桌面/KaHIP/min_balanced_cut_road_networks_osm/result/Karlsruhe_Germany/rt_motorway_high_t+1/2025-08-26/ln_all_ones_t+0_run1_k6_a1.0_b1.0_g0.0.png,/home/joschua/桌面/KaHIP/min_balanced_cut_road_networks_osm/result/Karlsruhe_Germany/rt_motorway_high_t+1/2025-08-26/ln_all_ones_t+0_edges_partitions_k6.json,3.090942621231079,road,motorway_high,1,2.0,all_ones,0,1.0
2025-08-26T19:54:47,"Karlsruhe, Germany",3000,rt_motorway_high_t+1,ln_all_ones_t+0,6,64,408000.0,66782000.0,1.0,1.0,0.0,1,0.006109430684915,/home/joschua/桌面/KaHIP/min_balanced_cut_road_networks_osm/result/Karlsruhe_Germany/rt_motorway_high_t+1/2025-08-26/ln_all_ones_t+0_run1_k6_a1.0_b1.0_g0.0.png,/home/joschua/桌面/KaHIP/min_balanced_cut_road_networks_osm/result/Karlsruhe_Germany/rt_motorway_high_t+1/2025-08-26/ln_all_ones_t+0_edges_partitions_k6.json,3.059194803237915,road,motorway_high,1,2.0,all_ones,0,1.0
2025-08-26T19:54:51,"Karlsruhe, Germany",3000,rt_motorway_high_t+1,ln_all_ones_t+0,6,64,408000.0,66782000.0,1.0,1.0,0.0,2,0.006109430684915,/home/joschua/桌面/KaHIP/min_balanced_cut_road_networks_osm/result/Karlsruhe_Germany/rt_motorway_high_t+1/2025-08-26/ln_all_ones_t+0_run1_k6_a1.0_b1.0_g0.0.png,/home/joschua/桌面/KaHIP/min_balanced_cut_road_networks_osm/result/Karlsruhe_Germany/rt_motorway_high_t+1/2025-08-26/ln_all_ones_t+0_edges_partitions_k6.json,3.0578932762146,road,motorway_high,1,2.0,all_ones,0,1.0
2025-08-26T19:54:55,"Karlsruhe, Germany",3000,rt_motorway_high_t+2,ln_all_ones_t+0,6,67,581000.0,72311000.0,1.0,1.0,0.0,0,0.0080347388364149,/home/joschua/桌面/KaHIP/min_balanced_cut_road_networks_osm/result/Karlsruhe_Germany/rt_motorway_high_t+2/2025-08-26/ln_all_ones_t+0_run1_k6_a1.0_b1.0_g0.0.png,/home/joschua/桌面/KaHIP/min_balanced_cut_road_networks_osm/result/Karlsruhe_Germany/rt_motorway_high_t+2/2025-08-26/ln_all_ones_t+0_edges_partitions_k6.json,3.02079701423645,road,motorway_high,2,4.0,all_ones,0,1.0
2025-08-26T19:54:59,"Karlsruhe, Germany",3000,rt_motorway_high_t+2,ln_all_ones_t+0,6,67,581000.0,72311000.0,1.0,1.0,0.0,1,0.0080347388364149,/home/joschua/桌面/KaHIP/min_balanced_cut_road_networks_osm/result/Karlsruhe_Germany/rt_motorway_high_t+2/2025-08-26/ln_all_ones_t+0_run1_k6_a1.0_b1.0_g0.0.png,/home/joschua/桌面/KaHIP/min_balanced_cut_road_networks_osm/result/Karlsruhe_Germany/rt_motorway_high_t+2/2025-08-26/ln_all_ones_t+0_edges_partitions_k6.json,3.033447742462158,road,motorway_high,2,4.0,all_ones,0,1.0
2025-08-26T19:55:03,"Karlsruhe, Germany",3000,rt_motorway_high_t+2,ln_all_ones_t+0,6,67,581000.0,72311000.0,1.0,1.0,0.0,2,0.0080347388364149,/home/joschua/桌面/KaHIP/min_balanced_cut_road_networks_osm/result/Karlsruhe_Germany/rt_motorway_high_t+2/2025-08-26/ln_all_ones_t+0_run1_k6_a1.0_b1.0_g0.0.png,/home/joschua/桌面/KaHIP/min_balanced_cut_road_networks_osm/result/Karlsruhe_Germany/rt_motorway_high_t+2/2025-08-26/ln_all_ones_t+0_edges_partitions_k6.json,3.021922826766968,road,motorway_high,2,4.0,all_ones,0,1.0
2025-08-26T19:55:07,"Karlsruhe, Germany",3000,rt_motorway_low_t-2,ln_all_ones_t+0,6,66,240750.0,24779000.0,1.0,1.0,0.0,0,0.0097158884539327,/home/joschua/桌面/KaHIP/min_balanced_cut_road_networks_osm/result/Karlsruhe_Germany/rt_motorway_low_t-2/2025-08-26/ln_all_ones_t+0_run1_k6_a1.0_b1.0_g0.0.png,/home/joschua/桌面/KaHIP/min_balanced_cut_road_networks_osm/result/Karlsruhe_Germany/rt_motorway_low_t-2/2025-08-26/ln_all_ones_t+0_edges_partitions_k6.json,3.088865041732788,road,motorway_low,-2,0.25,all_ones,0,1.0
2025-08-26T19:55:11,"Karlsruhe, Germany",3000,rt_motorway_low_t-2,ln_all_ones_t+0,6,66,240750.0,24779000.0,1.0,1.0,0.0,1,0.0097158884539327,/home/joschua/桌面/KaHIP/min_balanced_cut_road_networks_osm/result/Karlsruhe_Germany/rt_motorway_low_t-2/2025-08-26/ln_all_ones_t+0_run1_k6_a1.0_b1.0_g0.0.png,/home/joschua/桌面/KaHIP/min_balanced_cut_road_networks_osm/result/Karlsruhe_Germany/rt_motorway_low_t-2/2025-08-26/ln_all_ones_t+0_edges_partitions_k6.json,3.0730082988739014,road,motorway_low,-2,0.25,all_ones,0,1.0
2025-08-26T19:55:15,"Karlsruhe, Germany",3000,rt_motorway_low_t-2,ln_all_ones_t+0,6,66,240750.0,24779000.0,1.0,1.0,0.0,2,0.0097158884539327,/home/joschua/桌面/KaHIP/min_balanced_cut_road_networks_osm/result/Karlsruhe_Germany/rt_motorway_low_t-2/2025-08-26/ln_all_ones_t+0_run1_k6_a1.0_b1.0_g0.0.png,/home/joschua/桌面/KaHIP/min_balanced_cut_road_networks_osm/result/Karlsruhe_Germany/rt_motorway_low_t-2/2025-08-26/ln_all_ones_t+0_edges_partitions_k6.json,3.0917391777038574,road,motorway_low,-2,0.25,all_ones,0,1.0
2025-08-26T19:55:19,"Karlsruhe, Germany",3000,rt_motorway_low_t-1,ln_all_ones_t+0,6,71,410000.0,42223000.0,1.0,1.0,0.0,0,0.0097103474409681,/home/joschua/桌面/KaHIP/min_balanced_cut_road_networks_osm/result/Karlsruhe_Germany/rt_motorway_low_t-1/2025-08-26/ln_all_ones_t+0_run1_k6_a1.0_b1.0_g0.0.png,/home/joschua/桌面/KaHIP/min_balanced_cut_road_networks_osm/result/Karlsruhe_Germany/rt_motorway_low_t-1/2025-08-26/ln_all_ones_t+0_edges_partitions_k6.json,3.0682971477508545,road,motorway_low,-1,0.5,all_ones,0,1.0
2025-08-26T19:55:23,"Karlsruhe, Germany",3000,rt_motorway_low_t-1,ln_all_ones_t+0,6,71,410000.0,42223000.0,1.0,1.0,0.0,1,0.0097103474409681,/home/joschua/桌面/KaHIP/min_balanced_cut_road_networks_osm/result/Karlsruhe_Germany/rt_motorway_low_t-1/2025-08-26/ln_all_ones_t+0_run1_k6_a1.0_b1.0_g0.0.png,/home/joschua/桌面/KaHIP/min_balanced_cut_road_networks_osm/result/Karlsruhe_Germany/rt_motorway_low_t-1/2025-08-26/ln_all_ones_t+0_edges_partitions_k6.json,3.1062676906585693,road,motorway_low,-1,0.5,all_ones,0,1.0
2025-08-26T19:55:27,"Karlsruhe, Germany",3000,rt_motorway_low_t-1,ln_all_ones_t+0,6,71,410000.0,42223000.0,1.0,1.0,0.0,2,0.0097103474409681,/home/joschua/桌面/KaHIP/min_balanced_cut_road_networks_osm/result/Karlsruhe_Germany/rt_motorway_low_t-1/2025-08-26/ln_all_ones_t+0_run1_k6_a1.0_b1.0_g0.0.png,/home/joschua/桌面/KaHIP/min_balanced_cut_road_networks_osm/result/Karlsruhe_Germany/rt_motorway_low_t-1/2025-08-26/ln_all_ones_t+0_edges_partitions_k6.json,3.118325471878052,road,motorway_low,-1,0.5,all_ones,0,1.0
2025-08-26T19:55:31,"Karlsruhe, Germany",3000,rt_motorway_low_t+0,ln_all_ones_t+0,6,66,591000.0,70286000.0,1.0,1.0,0.0,0,0.0084085024044617,/home/joschua/桌面/KaHIP/min_balanced_cut_road_networks_osm/result/Karlsruhe_Germany/rt_motorway_low_t+0/2025-08-26/ln_all_ones_t+0_run1_k6_a1.0_b1.0_g0.0.png,/home/joschua/桌面/KaHIP/min_balanced_cut_road_networks_osm/result/Karlsruhe_Germany/rt_motorway_low_t+0/2025-08-26/ln_all_ones_t+0_edges_partitions_k6.json,3.004934310913086,road,motorway_low,0,1.0,all_ones,0,1.0
2025-08-26T19:55:34,"Karlsruhe, Germany",3000,rt_motorway_low_t+0,ln_all_ones_t+0,6,66,591000.0,70286000.0,1.0,1.0,0.0,1,0.0084085024044617,/home/joschua/桌面/KaHIP/min_balanced_cut_road_networks_osm/result/Karlsruhe_Germany/rt_motorway_low_t+0/2025-08-26/ln_all_ones_t+0_run1_k6_a1.0_b1.0_g0.0.png,/home/joschua/桌面/KaHIP/min_balanced_cut_road_networks_osm/result/Karlsruhe_Germany/rt_motorway_low_t+0/2025-08-26/ln_all_ones_t+0_edges_partitions_k6.json,2.9953298568725586,road,motorway_low,0,1.0,all_ones,0,1.0
2025-08-26T19:55:38,"Karlsruhe, Germany",3000,rt_motorway_low_t+0,ln_all_ones_t+0,6,66,591000.0,70286000.0,1.0,1.0,0.0,2,0.0084085024044617,/home/joschua/桌面/KaHIP/min_balanced_cut_road_networks_osm/result/Karlsruhe_Germany/rt_motorway_low_t+0/2025-08-26/ln_all_ones_t+0_run1_k6_a1.0_b1.0_g0.0.png,/home/joschua/桌面/KaHIP/min_balanced_cut_road_networks_osm/result/Karlsruhe_Germany/rt_motorway_low_t+0/2025-08-26/ln_all_ones_t+0_edges_partitions_k6.json,3.0464417934417725,road,motorway_low,0,1.0,all_ones,0,1.0
2025-08-26T19:55:42,"Karlsruhe, Germany",3000,rt_motorway_low_t+1,ln_all_ones_t+0,6,67,630000.0,72666000.0,1.0,1.0,0.0,0,0.0086698043101312,/home/joschua/桌面/KaHIP/min_balanced_cut_road_networks_osm/result/Karlsruhe_Germany/rt_motorway_low_t+1/2025-08-26/ln_all_ones_t+0_run1_k6_a1.0_b1.0_g0.0.png,/home/joschua/桌面/KaHIP/min_balanced_cut_road_networks_osm/result/Karlsruhe_Germany/rt_motorway_low_t+1/2025-08-26/ln_all_ones_t+0_edges_partitions_k6.json,3.017232179641724,road,motorway_low,1,2.0,all_ones,0,1.0
2025-08-26T19:55:46,"Karlsruhe, Germany",3000,rt_motorway_low_t+1,ln_all_ones_t+0,6,67,630000.0,72666000.0,1.0,1.0,0.0,1,0.0086698043101312,/home/joschua/桌面/KaHIP/min_balanced_cut_road_networks_osm/result/Karlsruhe_Germany/rt_motorway_low_t+1/2025-08-26/ln_all_ones_t+0_run1_k6_a1.0_b1.0_g0.0.png,/home/joschua/桌面/KaHIP/min_balanced_cut_road_networks_osm/result/Karlsruhe_Germany/rt_motorway_low_t+1/2025-08-26/ln_all_ones_t+0_edges_partitions_k6.json,2.9877099990844727,road,motorway_low,1,2.0,all_ones,0,1.0
2025-08-26T19:55:50,"Karlsruhe, Germany",3000,rt_motorway_low_t+1,ln_all_ones_t+0,6,67,630000.0,72666000.0,1.0,1.0,0.0,2,0.0086698043101312,/home/joschua/桌面/KaHIP/min_balanced_cut_road_networks_osm/result/Karlsruhe_Germany/rt_motorway_low_t+1/2025-08-26/ln_all_ones_t+0_run1_k6_a1.0_b1.0_g0.0.png,/home/joschua/桌面/KaHIP/min_balanced_cut_road_networks_osm/result/Karlsruhe_Germany/rt_motorway_low_t+1/2025-08-26/ln_all_ones_t+0_edges_partitions_k6.json,2.9990575313568115,road,motorway_low,1,2.0,all_ones,0,1.0
2025-08-26T19:55:54,"Karlsruhe, Germany",3000,rt_motorway_low_t+2,ln_all_ones_t+0,6,72,700000.0,73175000.0,1.0,1.0,0.0,0,0.0095661086436624,/home/joschua/桌面/KaHIP/min_balanced_cut_road_networks_osm/result/Karlsruhe_Germany/rt_motorway_low_t+2/2025-08-26/ln_all_ones_t+0_run1_k6_a1.0_b1.0_g0.0.png,/home/joschua/桌面/KaHIP/min_balanced_cut_road_networks_osm/result/Karlsruhe_Germany/rt_motorway_low_t+2/2025-08-26/ln_all_ones_t+0_edges_partitions_k6.json,3.0270473957061768,road,motorway_low,2,4.0,all_ones,0,1.0
2025-08-26T19:55:58,"Karlsruhe, Germany",3000,rt_motorway_low_t+2,ln_all_ones_t+0,6,72,700000.0,73175000.0,1.0,1.0,0.0,1,0.0095661086436624,/home/joschua/桌面/KaHIP/min_balanced_cut_road_networks_osm/result/Karlsruhe_Germany/rt_motorway_low_t+2/2025-08-26/ln_all_ones_t+0_run1_k6_a1.0_b1.0_g0.0.png,/home/joschua/桌面/KaHIP/min_balanced_cut_road_networks_osm/result/Karlsruhe_Germany/rt_motorway_low_t+2/2025-08-26/ln_all_ones_t+0_edges_partitions_k6.json,2.9911320209503174,road,motorway_low,2,4.0,all_ones,0,1.0
2025-08-26T19:56:02,"Karlsruhe, Germany",3000,rt_motorway_low_t+2,ln_all_ones_t+0,6,72,700000.0,73175000.0,1.0,1.0,0.0,2,0.0095661086436624,/home/joschua/桌面/KaHIP/min_balanced_cut_road_networks_osm/result/Karlsruhe_Germany/rt_motorway_low_t+2/2025-08-26/ln_all_ones_t+0_run1_k6_a1.0_b1.0_g0.0.png,/home/joschua/桌面/KaHIP/min_balanced_cut_road_networks_osm/result/Karlsruhe_Germany/rt_motorway_low_t+2/2025-08-26/ln_all_ones_t+0_edges_partitions_k6.json,3.0219945907592773,road,motorway_low,2,4.0,all_ones,0,1.0
2025-08-26T19:56:13,"Berlin, Germany",3000,rt_motorway_high_t-2,ln_all_ones_t+0,6,151,285500.0,97888000.0,1.0,1.0,0.0,0,0.0029165985616214,/home/joschua/桌面/KaHIP/min_balanced_cut_road_networks_osm/result/Berlin_Germany/rt_motorway_high_t-2/2025-08-26/ln_all_ones_t+0_run1_k6_a1.0_b1.0_g0.0.png,/home/joschua/桌面/KaHIP/min_balanced_cut_road_networks_osm/result/Berlin_Germany/rt_motorway_high_t-2/2025-08-26/ln_all_ones_t+0_edges_partitions_k6.json,10.109495162963867,road,motorway_high,-2,0.25,all_ones,0,1.0
2025-08-26T19:56:24,"Berlin, Germany",3000,rt_motorway_high_t-2,ln_all_ones_t+0,6,151,285500.0,97888000.0,1.0,1.0,0.0,1,0.0029165985616214,/home/joschua/桌面/KaHIP/min_balanced_cut_road_networks_osm/result/Berlin_Germany/rt_motorway_high_t-2/2025-08-26/ln_all_ones_t+0_run1_k6_a1.0_b1.0_g0.0.png,/home/joschua/桌面/KaHIP/min_balanced_cut_road_networks_osm/result/Berlin_Germany/rt_motorway_high_t-2/2025-08-26/ln_all_ones_t+0_edges_partitions_k6.json,10.261969327926636,road,motorway_high,-2,0.25,all_ones,0,1.0
2025-08-26T19:56:36,"Berlin, Germany",3000,rt_motorway_high_t-2,ln_all_ones_t+0,6,151,285500.0,97888000.0,1.0,1.0,0.0,2,0.0029165985616214,/home/joschua/桌面/KaHIP/min_balanced_cut_road_networks_osm/result/Berlin_Germany/rt_motorway_high_t-2/2025-08-26/ln_all_ones_t+0_run1_k6_a1.0_b1.0_g0.0.png,/home/joschua/桌面/KaHIP/min_balanced_cut_road_networks_osm/result/Berlin_Germany/rt_motorway_high_t-2/2025-08-26/ln_all_ones_t+0_edges_partitions_k6.json,10.168867826461792,road,motorway_high,-2,0.25,all_ones,0,1.0
2025-08-26T19:56:47,"Berlin, Germany",3000,rt_motorway_high_t-1,ln_all_ones_t+0,6,145,394000.0,153652000.0,1.0,1.0,0.0,0,0.0025642360659151,/home/joschua/桌面/KaHIP/min_balanced_cut_road_networks_osm/result/Berlin_Germany/rt_motorway_high_t-1/2025-08-26/ln_all_ones_t+0_run1_k6_a1.0_b1.0_g0.0.png,/home/joschua/桌面/KaHIP/min_balanced_cut_road_networks_osm/result/Berlin_Germany/rt_motorway_high_t-1/2025-08-26/ln_all_ones_t+0_edges_partitions_k6.json,10.175832271575928,road,motorway_high,-1,0.5,all_ones,0,1.0
2025-08-26T19:56:58,"Berlin, Germany",3000,rt_motorway_high_t-1,ln_all_ones_t+0,6,145,394000.0,153652000.0,1.0,1.0,0.0,1,0.0025642360659151,/home/joschua/桌面/KaHIP/min_balanced_cut_road_networks_osm/result/Berlin_Germany/rt_motorway_high_t-1/2025-08-26/ln_all_ones_t+0_run1_k6_a1.0_b1.0_g0.0.png,/home/joschua/桌面/KaHIP/min_balanced_cut_road_networks_osm/result/Berlin_Germany/rt_motorway_high_t-1/2025-08-26/ln_all_ones_t+0_edges_partitions_k6.json,10.14546012878418,road,motorway_high,-1,0.5,all_ones,0,1.0
2025-08-26T19:57:09,"Berlin, Germany",3000,rt_motorway_high_t-1,ln_all_ones_t+0,6,145,394000.0,153652000.0,1.0,1.0,0.0,2,0.0025642360659151,/home/joschua/桌面/KaHIP/min_balanced_cut_road_networks_osm/result/Berlin_Germany/rt_motorway_high_t-1/2025-08-26/ln_all_ones_t+0_run1_k6_a1.0_b1.0_g0.0.png,/home/joschua/桌面/KaHIP/min_balanced_cut_road_networks_osm/result/Berlin_Germany/rt_motorway_high_t-1/2025-08-26/ln_all_ones_t+0_edges_partitions_k6.json,10.242457151412964,road,motorway_high,-1,0.5,all_ones,0,1.0
2025-08-26T19:57:21,"Berlin, Germany",3000,rt_motorway_high_t+0,ln_all_ones_t+0,6,153,651000.0,263212000.0,1.0,1.0,0.0,0,0.0024732914912693,/home/joschua/桌面/KaHIP/min_balanced_cut_road_networks_osm/result/Berlin_Germany/rt_motorway_high_t+0/2025-08-26/ln_all_ones_t+0_run1_k6_a1.0_b1.0_g0.0.png,/home/joschua/桌面/KaHIP/min_balanced_cut_road_networks_osm/result/Berlin_Germany/rt_motorway_high_t+0/2025-08-26/ln_all_ones_t+0_edges_partitions_k6.json,10.170783281326294,road,motorway_high,0,1.0,all_ones,0,1.0
2025-08-26T19:57:32,"Berlin, Germany",3000,rt_motorway_high_t+0,ln_all_ones_t+0,6,153,651000.0,263212000.0,1.0,1.0,0.0,1,0.0024732914912693,/home/joschua/桌面/KaHIP/min_balanced_cut_road_networks_osm/result/Berlin_Germany/rt_motorway_high_t+0/2025-08-26/ln_all_ones_t+0_run1_k6_a1.0_b1.0_g0.0.png,/home/joschua/桌面/KaHIP/min_balanced_cut_road_networks_osm/result/Berlin_Germany/rt_motorway_high_t+0/2025-08-26/ln_all_ones_t+0_edges_partitions_k6.json,10.11898684501648,road,motorway_high,0,1.0,all_ones,0,1.0
2025-08-26T19:57:43,"Berlin, Germany",3000,rt_motorway_high_t+0,ln_all_ones_t+0,6,153,651000.0,263212000.0,1.0,1.0,0.0,2,0.0024732914912693,/home/joschua/桌面/KaHIP/min_balanced_cut_road_networks_osm/result/Berlin_Germany/rt_motorway_high_t+0/2025-08-26/ln_all_ones_t+0_run1_k6_a1.0_b1.0_g0.0.png,/home/joschua/桌面/KaHIP/min_balanced_cut_road_networks_osm/result/Berlin_Germany/rt_motorway_high_t+0/2025-08-26/ln_all_ones_t+0_edges_partitions_k6.json,10.14629364013672,road,motorway_high,0,1.0,all_ones,0,1.0
2025-08-26T19:57:55,"Berlin, Germany",3000,rt_motorway_high_t+1,ln_all_ones_t+0,6,158,1115000.0,386003000.0,1.0,1.0,0.0,0,0.0028885785861767,/home/joschua/桌面/KaHIP/min_balanced_cut_road_networks_osm/result/Berlin_Germany/rt_motorway_high_t+1/2025-08-26/ln_all_ones_t+0_run1_k6_a1.0_b1.0_g0.0.png,/home/joschua/桌面/KaHIP/min_balanced_cut_road_networks_osm/result/Berlin_Germany/rt_motorway_high_t+1/2025-08-26/ln_all_ones_t+0_edges_partitions_k6.json,10.12993574142456,road,motorway_high,1,2.0,all_ones,0,1.0
2025-08-26T19:58:06,"Berlin, Germany",3000,rt_motorway_high_t+1,ln_all_ones_t+0,6,158,1115000.0,386003000.0,1.0,1.0,0.0,1,0.0028885785861767,/home/joschua/桌面/KaHIP/min_balanced_cut_road_networks_osm/result/Berlin_Germany/rt_motorway_high_t+1/2025-08-26/ln_all_ones_t+0_run1_k6_a1.0_b1.0_g0.0.png,/home/joschua/桌面/KaHIP/min_balanced_cut_road_networks_osm/result/Berlin_Germany/rt_motorway_high_t+1/2025-08-26/ln_all_ones_t+0_edges_partitions_k6.json,10.198864459991457,road,motorway_high,1,2.0,all_ones,0,1.0
2025-08-26T19:58:17,"Berlin, Germany",3000,rt_motorway_high_t+1,ln_all_ones_t+0,6,158,1115000.0,386003000.0,1.0,1.0,0.0,2,0.0028885785861767,/home/joschua/桌面/KaHIP/min_balanced_cut_road_networks_osm/result/Berlin_Germany/rt_motorway_high_t+1/2025-08-26/ln_all_ones_t+0_run1_k6_a1.0_b1.0_g0.0.png,/home/joschua/桌面/KaHIP/min_balanced_cut_road_networks_osm/result/Berlin_Germany/rt_motorway_high_t+1/2025-08-26/ln_all_ones_t+0_edges_partitions_k6.json,10.260766983032228,road,motorway_high,1,2.0,all_ones,0,1.0
2025-08-26T19:58:29,"Berlin, Germany",3000,rt_motorway_high_t+2,ln_all_ones_t+0,6,140,1364000.0,418903000.0,1.0,1.0,0.0,0,0.0032561237327018,/home/joschua/桌面/KaHIP/min_balanced_cut_road_networks_osm/result/Berlin_Germany/rt_motorway_high_t+2/2025-08-26/ln_all_ones_t+0_run1_k6_a1.0_b1.0_g0.0.png,/home/joschua/桌面/KaHIP/min_balanced_cut_road_networks_osm/result/Berlin_Germany/rt_motorway_high_t+2/2025-08-26/ln_all_ones_t+0_edges_partitions_k6.json,10.149717092514038,road,motorway_high,2,4.0,all_ones,0,1.0
2025-08-26T19:58:40,"Berlin, Germany",3000,rt_motorway_high_t+2,ln_all_ones_t+0,6,140,1364000.0,418903000.0,1.0,1.0,0.0,1,0.0032561237327018,/home/joschua/桌面/KaHIP/min_balanced_cut_road_networks_osm/result/Berlin_Germany/rt_motorway_high_t+2/2025-08-26/ln_all_ones_t+0_run1_k6_a1.0_b1.0_g0.0.png,/home/joschua/桌面/KaHIP/min_balanced_cut_road_networks_osm/result/Berlin_Germany/rt_motorway_high_t+2/2025-08-26/ln_all_ones_t+0_edges_partitions_k6.json,10.147467136383057,road,motorway_high,2,4.0,all_ones,0,1.0
2025-08-26T19:58:51,"Berlin, Germany",3000,rt_motorway_high_t+2,ln_all_ones_t+0,6,140,1364000.0,418903000.0,1.0,1.0,0.0,2,0.0032561237327018,/home/joschua/桌面/KaHIP/min_balanced_cut_road_networks_osm/result/Berlin_Germany/rt_motorway_high_t+2/2025-08-26/ln_all_ones_t+0_run1_k6_a1.0_b1.0_g0.0.png,/home/joschua/桌面/KaHIP/min_balanced_cut_road_networks_osm/result/Berlin_Germany/rt_motorway_high_t+2/2025-08-26/ln_all_ones_t+0_edges_partitions_k6.json,10.262725353240969,road,motorway_high,2,4.0,all_ones,0,1.0
2025-08-26T19:59:03,"Berlin, Germany",3000,rt_motorway_low_t-2,ln_all_ones_t+0,6,176,621750.0,144257500.0,1.0,1.0,0.0,0,0.0043100012131085,/home/joschua/桌面/KaHIP/min_balanced_cut_road_networks_osm/result/Berlin_Germany/rt_motorway_low_t-2/2025-08-26/ln_all_ones_t+0_run1_k6_a1.0_b1.0_g0.0.png,/home/joschua/桌面/KaHIP/min_balanced_cut_road_networks_osm/result/Berlin_Germany/rt_motorway_low_t-2/2025-08-26/ln_all_ones_t+0_edges_partitions_k6.json,10.24083399772644,road,motorway_low,-2,0.25,all_ones,0,1.0
2025-08-26T19:59:14,"Berlin, Germany",3000,rt_motorway_low_t-2,ln_all_ones_t+0,6,176,621750.0,144257500.0,1.0,1.0,0.0,1,0.0043100012131085,/home/joschua/桌面/KaHIP/min_balanced_cut_road_networks_osm/result/Berlin_Germany/rt_motorway_low_t-2/2025-08-26/ln_all_ones_t+0_run1_k6_a1.0_b1.0_g0.0.png,/home/joschua/桌面/KaHIP/min_balanced_cut_road_networks_osm/result/Berlin_Germany/rt_motorway_low_t-2/2025-08-26/ln_all_ones_t+0_edges_partitions_k6.json,10.21381449699402,road,motorway_low,-2,0.25,all_ones,0,1.0
2025-08-26T19:59:25,"Berlin, Germany",3000,rt_motorway_low_t-2,ln_all_ones_t+0,6,176,621750.0,144257500.0,1.0,1.0,0.0,2,0.0043100012131085,/home/joschua/桌面/KaHIP/min_balanced_cut_road_networks_osm/result/Berlin_Germany/rt_motorway_low_t-2/2025-08-26/ln_all_ones_t+0_run1_k6_a1.0_b1.0_g0.0.png,/home/joschua/桌面/KaHIP/min_balanced_cut_road_networks_osm/result/Berlin_Germany/rt_motorway_low_t-2/2025-08-26/ln_all_ones_t+0_edges_partitions_k6.json,10.016865968704224,road,motorway_low,-2,0.25,all_ones,0,1.0
2025-08-26T19:59:36,"Berlin, Germany",3000,rt_motorway_low_t-1,ln_all_ones_t+0,6,152,860500.0,246391000.0,1.0,1.0,0.0,0,0.0034924165249542,/home/joschua/桌面/KaHIP/min_balanced_cut_road_networks_osm/result/Berlin_Germany/rt_motorway_low_t-1/2025-08-26/ln_all_ones_t+0_run1_k6_a1.0_b1.0_g0.0.png,/home/joschua/桌面/KaHIP/min_balanced_cut_road_networks_osm/result/Berlin_Germany/rt_motorway_low_t-1/2025-08-26/ln_all_ones_t+0_edges_partitions_k6.json,10.084204196929932,road,motorway_low,-1,0.5,all_ones,0,1.0
2025-08-26T19:59:48,"Berlin, Germany",3000,rt_motorway_low_t-1,ln_all_ones_t+0,6,152,860500.0,246391000.0,1.0,1.0,0.0,1,0.0034924165249542,/home/joschua/桌面/KaHIP/min_balanced_cut_road_networks_osm/result/Berlin_Germany/rt_motorway_low_t-1/2025-08-26/ln_all_ones_t+0_run1_k6_a1.0_b1.0_g0.0.png,/home/joschua/桌面/KaHIP/min_balanced_cut_road_networks_osm/result/Berlin_Germany/rt_motorway_low_t-1/2025-08-26/ln_all_ones_t+0_edges_partitions_k6.json,10.187726259231567,road,motorway_low,-1,0.5,all_ones,0,1.0
2025-08-26T19:59:59,"Berlin, Germany",3000,rt_motorway_low_t-1,ln_all_ones_t+0,6,152,860500.0,246391000.0,1.0,1.0,0.0,2,0.0034924165249542,/home/joschua/桌面/KaHIP/min_balanced_cut_road_networks_osm/result/Berlin_Germany/rt_motorway_low_t-1/2025-08-26/ln_all_ones_t+0_run1_k6_a1.0_b1.0_g0.0.png,/home/joschua/桌面/KaHIP/min_balanced_cut_road_networks_osm/result/Berlin_Germany/rt_motorway_low_t-1/2025-08-26/ln_all_ones_t+0_edges_partitions_k6.json,10.285359859466553,road,motorway_low,-1,0.5,all_ones,0,1.0
2025-08-26T20:00:10,"Berlin, Germany",3000,rt_motorway_low_t+0,ln_all_ones_t+0,6,160,1481000.0,412592000.0,1.0,1.0,0.0,0,0.003589502462481,/home/joschua/桌面/KaHIP/min_balanced_cut_road_networks_osm/result/Berlin_Germany/rt_motorway_low_t+0/2025-08-26/ln_all_ones_t+0_run1_k6_a1.0_b1.0_g0.0.png,/home/joschua/桌面/KaHIP/min_balanced_cut_road_networks_osm/result/Berlin_Germany/rt_motorway_low_t+0/2025-08-26/ln_all_ones_t+0_edges_partitions_k6.json,10.118821382522585,road,motorway_low,0,1.0,all_ones,0,1.0
2025-08-26T20:00:22,"Berlin, Germany",3000,rt_motorway_low_t+0,ln_all_ones_t+0,6,160,1481000.0,412592000.0,1.0,1.0,0.0,1,0.003589502462481,/home/joschua/桌面/KaHIP/min_balanced_cut_road_networks_osm/result/Berlin_Germany/rt_motorway_low_t+0/2025-08-26/ln_all_ones_t+0_run1_k6_a1.0_b1.0_g0.0.png,/home/joschua/桌面/KaHIP/min_balanced_cut_road_networks_osm/result/Berlin_Germany/rt_motorway_low_t+0/2025-08-26/ln_all_ones_t+0_edges_partitions_k6.json,10.115904092788696,road,motorway_low,0,1.0,all_ones,0,1.0
2025-08-26T20:00:33,"Berlin, Germany",3000,rt_motorway_low_t+0,ln_all_ones_t+0,6,160,1481000.0,412592000.0,1.0,1.0,0.0,2,0.003589502462481,/home/joschua/桌面/KaHIP/min_balanced_cut_road_networks_osm/result/Berlin_Germany/rt_motorway_low_t+0/2025-08-26/ln_all_ones_t+0_run1_k6_a1.0_b1.0_g0.0.png,/home/joschua/桌面/KaHIP/min_balanced_cut_road_networks_osm/result/Berlin_Germany/rt_motorway_low_t+0/2025-08-26/ln_all_ones_t+0_edges_partitions_k6.json,10.142751455307009,road,motorway_low,0,1.0,all_ones,0,1.0
2025-08-26T20:00:44,"Berlin, Germany",3000,rt_motorway_low_t+1,ln_all_ones_t+0,6,166,1534000.0,418812000.0,1.0,1.0,0.0,0,0.0036627412777093,/home/joschua/桌面/KaHIP/min_balanced_cut_road_networks_osm/result/Berlin_Germany/rt_motorway_low_t+1/2025-08-26/ln_all_ones_t+0_run1_k6_a1.0_b1.0_g0.0.png,/home/joschua/桌面/KaHIP/min_balanced_cut_road_networks_osm/result/Berlin_Germany/rt_motorway_low_t+1/2025-08-26/ln_all_ones_t+0_edges_partitions_k6.json,10.16838002204895,road,motorway_low,1,2.0,all_ones,0,1.0
2025-08-26T20:00:55,"Berlin, Germany",3000,rt_motorway_low_t+1,ln_all_ones_t+0,6,166,1534000.0,418812000.0,1.0,1.0,0.0,1,0.0036627412777093,/home/joschua/桌面/KaHIP/min_balanced_cut_road_networks_osm/result/Berlin_Germany/rt_motorway_low_t+1/2025-08-26/ln_all_ones_t+0_run1_k6_a1.0_b1.0_g0.0.png,/home/joschua/桌面/KaHIP/min_balanced_cut_road_networks_osm/result/Berlin_Germany/rt_motorway_low_t+1/2025-08-26/ln_all_ones_t+0_edges_partitions_k6.json,10.202552795410156,road,motorway_low,1,2.0,all_ones,0,1.0
2025-08-26T20:01:07,"Berlin, Germany",3000,rt_motorway_low_t+1,ln_all_ones_t+0,6,166,1534000.0,418812000.0,1.0,1.0,0.0,2,0.0036627412777093,/home/joschua/桌面/KaHIP/min_balanced_cut_road_networks_osm/result/Berlin_Germany/rt_motorway_low_t+1/2025-08-26/ln_all_ones_t+0_run1_k6_a1.0_b1.0_g0.0.png,/home/joschua/桌面/KaHIP/min_balanced_cut_road_networks_osm/result/Berlin_Germany/rt_motorway_low_t+1/2025-08-26/ln_all_ones_t+0_edges_partitions_k6.json,10.082092761993408,road,motorway_low,1,2.0,all_ones,0,1.0
2025-08-26T20:01:18,"Berlin, Germany",3000,rt_motorway_low_t+2,ln_all_ones_t+0,6,158,1520000.0,420141000.0,1.0,1.0,0.0,0,0.0036178330608057,/home/joschua/桌面/KaHIP/min_balanced_cut_road_networks_osm/result/Berlin_Germany/rt_motorway_low_t+2/2025-08-26/ln_all_ones_t+0_run1_k6_a1.0_b1.0_g0.0.png,/home/joschua/桌面/KaHIP/min_balanced_cut_road_networks_osm/result/Berlin_Germany/rt_motorway_low_t+2/2025-08-26/ln_all_ones_t+0_edges_partitions_k6.json,10.153404474258425,road,motorway_low,2,4.0,all_ones,0,1.0
2025-08-26T20:01:29,"Berlin, Germany",3000,rt_motorway_low_t+2,ln_all_ones_t+0,6,158,1520000.0,420141000.0,1.0,1.0,0.0,1,0.0036178330608057,/home/joschua/桌面/KaHIP/min_balanced_cut_road_networks_osm/result/Berlin_Germany/rt_motorway_low_t+2/2025-08-26/ln_all_ones_t+0_run1_k6_a1.0_b1.0_g0.0.png,/home/joschua/桌面/KaHIP/min_balanced_cut_road_networks_osm/result/Berlin_Germany/rt_motorway_low_t+2/2025-08-26/ln_all_ones_t+0_edges_partitions_k6.json,10.133062601089478,road,motorway_low,2,4.0,all_ones,0,1.0
2025-08-26T20:01:41,"Berlin, Germany",3000,rt_motorway_low_t+2,ln_all_ones_t+0,6,158,1520000.0,420141000.0,1.0,1.0,0.0,2,0.0036178330608057,/home/joschua/桌面/KaHIP/min_balanced_cut_road_networks_osm/result/Berlin_Germany/rt_motorway_low_t+2/2025-08-26/ln_all_ones_t+0_run1_k6_a1.0_b1.0_g0.0.png,/home/joschua/桌面/KaHIP/min_balanced_cut_road_networks_osm/result/Berlin_Germany/rt_motorway_low_t+2/2025-08-26/ln_all_ones_t+0_edges_partitions_k6.json,10.190219163894652,road,motorway_low,2,4.0,all_ones,0,1.0
2025-08-26T20:01:58,"Los Angeles, USA",3000,rt_motorway_high_t-2,ln_all_ones_t+0,6,199,420750.0,167031500.0,1.0,1.0,0.0,0,0.0025189859397778,/home/joschua/桌面/KaHIP/min_balanced_cut_road_networks_osm/result/Los_Angeles_USA/rt_motorway_high_t-2/2025-08-26/ln_all_ones_t+0_run1_k6_a1.0_b1.0_g0.0.png,/home/joschua/桌面/KaHIP/min_balanced_cut_road_networks_osm/result/Los_Angeles_USA/rt_motorway_high_t-2/2025-08-26/ln_all_ones_t+0_edges_partitions_k6.json,15.908214569091797,road,motorway_high,-2,0.25,all_ones,0,1.0
2025-08-26T20:02:15,"Los Angeles, USA",3000,rt_motorway_high_t-2,ln_all_ones_t+0,6,199,420750.0,167031500.0,1.0,1.0,0.0,1,0.0025189859397778,/home/joschua/桌面/KaHIP/min_balanced_cut_road_networks_osm/result/Los_Angeles_USA/rt_motorway_high_t-2/2025-08-26/ln_all_ones_t+0_run1_k6_a1.0_b1.0_g0.0.png,/home/joschua/桌面/KaHIP/min_balanced_cut_road_networks_osm/result/Los_Angeles_USA/rt_motorway_high_t-2/2025-08-26/ln_all_ones_t+0_edges_partitions_k6.json,15.950332403182983,road,motorway_high,-2,0.25,all_ones,0,1.0
2025-08-26T20:02:32,"Los Angeles, USA",3000,rt_motorway_high_t-2,ln_all_ones_t+0,6,199,420750.0,167031500.0,1.0,1.0,0.0,2,0.0025189859397778,/home/joschua/桌面/KaHIP/min_balanced_cut_road_networks_osm/result/Los_Angeles_USA/rt_motorway_high_t-2/2025-08-26/ln_all_ones_t+0_run1_k6_a1.0_b1.0_g0.0.png,/home/joschua/桌面/KaHIP/min_balanced_cut_road_networks_osm/result/Los_Angeles_USA/rt_motorway_high_t-2/2025-08-26/ln_all_ones_t+0_edges_partitions_k6.json,15.873463153839111,road,motorway_high,-2,0.25,all_ones,0,1.0
2025-08-26T20:02:49,"Los Angeles, USA",3000,rt_motorway_high_t-1,ln_all_ones_t+0,6,193,587000.0,261933000.0,1.0,1.0,0.0,0,0.0022410311033737,/home/joschua/桌面/KaHIP/min_balanced_cut_road_networks_osm/result/Los_Angeles_USA/rt_motorway_high_t-1/2025-08-26/ln_all_ones_t+0_run1_k6_a1.0_b1.0_g0.0.png,/home/joschua/桌面/KaHIP/min_balanced_cut_road_networks_osm/result/Los_Angeles_USA/rt_motorway_high_t-1/2025-08-26/ln_all_ones_t+0_edges_partitions_k6.json,15.764280319213867,road,motorway_high,-1,0.5,all_ones,0,1.0
2025-08-26T20:03:07,"Los Angeles, USA",3000,rt_motorway_high_t-1,ln_all_ones_t+0,6,193,587000.0,261933000.0,1.0,1.0,0.0,1,0.0022410311033737,/home/joschua/桌面/KaHIP/min_balanced_cut_road_networks_osm/result/Los_Angeles_USA/rt_motorway_high_t-1/2025-08-26/ln_all_ones_t+0_run1_k6_a1.0_b1.0_g0.0.png,/home/joschua/桌面/KaHIP/min_balanced_cut_road_networks_osm/result/Los_Angeles_USA/rt_motorway_high_t-1/2025-08-26/ln_all_ones_t+0_edges_partitions_k6.json,16.113024950027466,road,motorway_high,-1,0.5,all_ones,0,1.0
2025-08-26T20:03:24,"Los Angeles, USA",3000,rt_motorway_high_t-1,ln_all_ones_t+0,6,193,587000.0,261933000.0,1.0,1.0,0.0,2,0.0022410311033737,/home/joschua/桌面/KaHIP/min_balanced_cut_road_networks_osm/result/Los_Angeles_USA/rt_motorway_high_t-1/2025-08-26/ln_all_ones_t+0_run1_k6_a1.0_b1.0_g0.0.png,/home/joschua/桌面/KaHIP/min_balanced_cut_road_networks_osm/result/Los_Angeles_USA/rt_motorway_high_t-1/2025-08-26/ln_all_ones_t+0_edges_partitions_k6.json,15.98525047302246,road,motorway_high,-1,0.5,all_ones,0,1.0
2025-08-26T20:03:41,"Los Angeles, USA",3000,rt_motorway_high_t+0,ln_all_ones_t+0,6,187,884000.0,445239000.0,1.0,1.0,0.0,0,0.0019854505108492,/home/joschua/桌面/KaHIP/min_balanced_cut_road_networks_osm/result/Los_Angeles_USA/rt_motorway_high_t+0/2025-08-26/ln_all_ones_t+0_run1_k6_a1.0_b1.0_g0.0.png,/home/joschua/桌面/KaHIP/min_balanced_cut_road_networks_osm/result/Los_Angeles_USA/rt_motorway_high_t+0/2025-08-26/ln_all_ones_t+0_edges_partitions_k6.json,15.910492181777954,road,motorway_high,0,1.0,all_ones,0,1.0
2025-08-26T20:03:59,"Los Angeles, USA",3000,rt_motorway_high_t+0,ln_all_ones_t+0,6,187,884000.0,445239000.0,1.0,1.0,0.0,1,0.0019854505108492,/home/joschua/桌面/KaHIP/min_balanced_cut_road_networks_osm/result/Los_Angeles_USA/rt_motorway_high_t+0/2025-08-26/ln_all_ones_t+0_run1_k6_a1.0_b1.0_g0.0.png,/home/joschua/桌面/KaHIP/min_balanced_cut_road_networks_osm/result/Los_Angeles_USA/rt_motorway_high_t+0/2025-08-26/ln_all_ones_t+0_edges_partitions_k6.json,15.963716745376589,road,motorway_high,0,1.0,all_ones,0,1.0
2025-08-26T20:04:16,"Los Angeles, USA",3000,rt_motorway_high_t+0,ln_all_ones_t+0,6,187,884000.0,445239000.0,1.0,1.0,0.0,2,0.0019854505108492,/home/joschua/桌面/KaHIP/min_balanced_cut_road_networks_osm/result/Los_Angeles_USA/rt_motorway_high_t+0/2025-08-26/ln_all_ones_t+0_run1_k6_a1.0_b1.0_g0.0.png,/home/joschua/桌面/KaHIP/min_balanced_cut_road_networks_osm/result/Los_Angeles_USA/rt_motorway_high_t+0/2025-08-26/ln_all_ones_t+0_edges_partitions_k6.json,15.904506206512451,road,motorway_high,0,1.0,all_ones,0,1.0
2025-08-26T20:04:33,"Los Angeles, USA",3000,rt_motorway_high_t+1,ln_all_ones_t+0,6,189,1340000.0,655255000.0,1.0,1.0,0.0,0,0.002045005379585,/home/joschua/桌面/KaHIP/min_balanced_cut_road_networks_osm/result/Los_Angeles_USA/rt_motorway_high_t+1/2025-08-26/ln_all_ones_t+0_run1_k6_a1.0_b1.0_g0.0.png,/home/joschua/桌面/KaHIP/min_balanced_cut_road_networks_osm/result/Los_Angeles_USA/rt_motorway_high_t+1/2025-08-26/ln_all_ones_t+0_edges_partitions_k6.json,16.061835289001465,road,motorway_high,1,2.0,all_ones,0,1.0
2025-08-26T20:04:51,"Los Angeles, USA",3000,rt_motorway_high_t+1,ln_all_ones_t+0,6,189,1340000.0,655255000.0,1.0,1.0,0.0,1,0.002045005379585,/home/joschua/桌面/KaHIP/min_balanced_cut_road_networks_osm/result/Los_Angeles_USA/rt_motorway_high_t+1/2025-08-26/ln_all_ones_t+0_run1_k6_a1.0_b1.0_g0.0.png,/home/joschua/桌面/KaHIP/min_balanced_cut_road_networks_osm/result/Los_Angeles_USA/rt_motorway_high_t+1/2025-08-26/ln_all_ones_t+0_edges_partitions_k6.json,15.948885679244995,road,motorway_high,1,2.0,all_ones,0,1.0
2025-08-26T20:05:08,"Los Angeles, USA",3000,rt_motorway_high_t+1,ln_all_ones_t+0,6,189,1340000.0,655255000.0,1.0,1.0,0.0,2,0.002045005379585,/home/joschua/桌面/KaHIP/min_balanced_cut_road_networks_osm/result/Los_Angeles_USA/rt_motorway_high_t+1/2025-08-26/ln_all_ones_t+0_run1_k6_a1.0_b1.0_g0.0.png,/home/joschua/桌面/KaHIP/min_balanced_cut_road_networks_osm/result/Los_Angeles_USA/rt_motorway_high_t+1/2025-08-26/ln_all_ones_t+0_edges_partitions_k6.json,16.012627840042114,road,motorway_high,1,2.0,all_ones,0,1.0
2025-08-26T20:05:25,"Los Angeles, USA",3000,rt_motorway_high_t+2,ln_all_ones_t+0,6,189,1836000.0,713246000.0,1.0,1.0,0.0,0,0.0025741469282687,/home/joschua/桌面/KaHIP/min_balanced_cut_road_networks_osm/result/Los_Angeles_USA/rt_motorway_high_t+2/2025-08-26/ln_all_ones_t+0_run1_k6_a1.0_b1.0_g0.0.png,/home/joschua/桌面/KaHIP/min_balanced_cut_road_networks_osm/result/Los_Angeles_USA/rt_motorway_high_t+2/2025-08-26/ln_all_ones_t+0_edges_partitions_k6.json,15.87270736694336,road,motorway_high,2,4.0,all_ones,0,1.0
2025-08-26T20:05:43,"Los Angeles, USA",3000,rt_motorway_high_t+2,ln_all_ones_t+0,6,189,1836000.0,713246000.0,1.0,1.0,0.0,1,0.0025741469282687,/home/joschua/桌面/KaHIP/min_balanced_cut_road_networks_osm/result/Los_Angeles_USA/rt_motorway_high_t+2/2025-08-26/ln_all_ones_t+0_run1_k6_a1.0_b1.0_g0.0.png,/home/joschua/桌面/KaHIP/min_balanced_cut_road_networks_osm/result/Los_Angeles_USA/rt_motorway_high_t+2/2025-08-26/ln_all_ones_t+0_edges_partitions_k6.json,16.04148840904236,road,motorway_high,2,4.0,all_ones,0,1.0
2025-08-26T20:06:00,"Los Angeles, USA",3000,rt_motorway_high_t+2,ln_all_ones_t+0,6,189,1836000.0,713246000.0,1.0,1.0,0.0,2,0.0025741469282687,/home/joschua/桌面/KaHIP/min_balanced_cut_road_networks_osm/result/Los_Angeles_USA/rt_motorway_high_t+2/2025-08-26/ln_all_ones_t+0_run1_k6_a1.0_b1.0_g0.0.png,/home/joschua/桌面/KaHIP/min_balanced_cut_road_networks_osm/result/Los_Angeles_USA/rt_motorway_high_t+2/2025-08-26/ln_all_ones_t+0_edges_partitions_k6.json,15.815651178359984,road,motorway_high,2,4.0,all_ones,0,1.0
2025-08-26T20:06:17,"Los Angeles, USA",3000,rt_motorway_low_t-2,ln_all_ones_t+0,6,181,594250.0,247161000.0,1.0,1.0,0.0,0,0.0024043032679103,/home/joschua/桌面/KaHIP/min_balanced_cut_road_networks_osm/result/Los_Angeles_USA/rt_motorway_low_t-2/2025-08-26/ln_all_ones_t+0_run1_k6_a1.0_b1.0_g0.0.png,/home/joschua/桌面/KaHIP/min_balanced_cut_road_networks_osm/result/Los_Angeles_USA/rt_motorway_low_t-2/2025-08-26/ln_all_ones_t+0_edges_partitions_k6.json,15.92591667175293,road,motorway_low,-2,0.25,all_ones,0,1.0
2025-08-26T20:06:35,"Los Angeles, USA",3000,rt_motorway_low_t-2,ln_all_ones_t+0,6,181,594250.0,247161000.0,1.0,1.0,0.0,1,0.0024043032679103,/home/joschua/桌面/KaHIP/min_balanced_cut_road_networks_osm/result/Los_Angeles_USA/rt_motorway_low_t-2/2025-08-26/ln_all_ones_t+0_run1_k6_a1.0_b1.0_g0.0.png,/home/joschua/桌面/KaHIP/min_balanced_cut_road_networks_osm/result/Los_Angeles_USA/rt_motorway_low_t-2/2025-08-26/ln_all_ones_t+0_edges_partitions_k6.json,15.813146114349363,road,motorway_low,-2,0.25,all_ones,0,1.0
2025-08-26T20:06:52,"Los Angeles, USA",3000,rt_motorway_low_t-2,ln_all_ones_t+0,6,181,594250.0,247161000.0,1.0,1.0,0.0,2,0.0024043032679103,/home/joschua/桌面/KaHIP/min_balanced_cut_road_networks_osm/result/Los_Angeles_USA/rt_motorway_low_t-2/2025-08-26/ln_all_ones_t+0_run1_k6_a1.0_b1.0_g0.0.png,/home/joschua/桌面/KaHIP/min_balanced_cut_road_networks_osm/result/Los_Angeles_USA/rt_motorway_low_t-2/2025-08-26/ln_all_ones_t+0_edges_partitions_k6.json,15.750314474105837,road,motorway_low,-2,0.25,all_ones,0,1.0
2025-08-26T20:07:09,"Los Angeles, USA",3000,rt_motorway_low_t-1,ln_all_ones_t+0,6,196,1080500.0,422192000.0,1.0,1.0,0.0,0,0.0025592621366582,/home/joschua/桌面/KaHIP/min_balanced_cut_road_networks_osm/result/Los_Angeles_USA/rt_motorway_low_t-1/2025-08-26/ln_all_ones_t+0_run1_k6_a1.0_b1.0_g0.0.png,/home/joschua/桌面/KaHIP/min_balanced_cut_road_networks_osm/result/Los_Angeles_USA/rt_motorway_low_t-1/2025-08-26/ln_all_ones_t+0_edges_partitions_k6.json,16.00566554069519,road,motorway_low,-1,0.5,all_ones,0,1.0
2025-08-26T20:07:26,"Los Angeles, USA",3000,rt_motorway_low_t-1,ln_all_ones_t+0,6,196,1080500.0,422192000.0,1.0,1.0,0.0,1,0.0025592621366582,/home/joschua/桌面/KaHIP/min_balanced_cut_road_networks_osm/result/Los_Angeles_USA/rt_motorway_low_t-1/2025-08-26/ln_all_ones_t+0_run1_k6_a1.0_b1.0_g0.0.png,/home/joschua/桌面/KaHIP/min_balanced_cut_road_networks_osm/result/Los_Angeles_USA/rt_motorway_low_t-1/2025-08-26/ln_all_ones_t+0_edges_partitions_k6.json,15.883617401123049,road,motorway_low,-1,0.5,all_ones,0,1.0
2025-08-26T20:07:44,"Los Angeles, USA",3000,rt_motorway_low_t-1,ln_all_ones_t+0,6,196,1080500.0,422192000.0,1.0,1.0,0.0,2,0.0025592621366582,/home/joschua/桌面/KaHIP/min_balanced_cut_road_networks_osm/result/Los_Angeles_USA/rt_motorway_low_t-1/2025-08-26/ln_all_ones_t+0_run1_k6_a1.0_b1.0_g0.0.png,/home/joschua/桌面/KaHIP/min_balanced_cut_road_networks_osm/result/Los_Angeles_USA/rt_motorway_low_t-1/2025-08-26/ln_all_ones_t+0_edges_partitions_k6.json,15.926824808120728,road,motorway_low,-1,0.5,all_ones,0,1.0
2025-08-26T20:08:01,"Los Angeles, USA",3000,rt_motorway_low_t+0,ln_all_ones_t+0,6,195,1539000.0,704640000.0,1.0,1.0,0.0,0,0.0021840940054495,/home/joschua/桌面/KaHIP/min_balanced_cut_road_networks_osm/result/Los_Angeles_USA/rt_motorway_low_t+0/2025-08-26/ln_all_ones_t+0_run1_k6_a1.0_b1.0_g0.0.png,/home/joschua/桌面/KaHIP/min_balanced_cut_road_networks_osm/result/Los_Angeles_USA/rt_motorway_low_t+0/2025-08-26/ln_all_ones_t+0_edges_partitions_k6.json,15.90884280204773,road,motorway_low,0,1.0,all_ones,0,1.0
2025-08-26T20:08:18,"Los Angeles, USA",3000,rt_motorway_low_t+0,ln_all_ones_t+0,6,195,1539000.0,704640000.0,1.0,1.0,0.0,1,0.0021840940054495,/home/joschua/桌面/KaHIP/min_balanced_cut_road_networks_osm/result/Los_Angeles_USA/rt_motorway_low_t+0/2025-08-26/ln_all_ones_t+0_run1_k6_a1.0_b1.0_g0.0.png,/home/joschua/桌面/KaHIP/min_balanced_cut_road_networks_osm/result/Los_Angeles_USA/rt_motorway_low_t+0/2025-08-26/ln_all_ones_t+0_edges_partitions_k6.json,15.998535871505736,road,motorway_low,0,1.0,all_ones,0,1.0
2025-08-26T20:08:36,"Los Angeles, USA",3000,rt_motorway_low_t+0,ln_all_ones_t+0,6,195,1539000.0,704640000.0,1.0,1.0,0.0,2,0.0021840940054495,/home/joschua/桌面/KaHIP/min_balanced_cut_road_networks_osm/result/Los_Angeles_USA/rt_motorway_low_t+0/2025-08-26/ln_all_ones_t+0_run1_k6_a1.0_b1.0_g0.0.png,/home/joschua/桌面/KaHIP/min_balanced_cut_road_networks_osm/result/Los_Angeles_USA/rt_motorway_low_t+0/2025-08-26/ln_all_ones_t+0_edges_partitions_k6.json,15.92087197303772,road,motorway_low,0,1.0,all_ones,0,1.0
2025-08-26T20:08:53,"Los Angeles, USA",3000,rt_motorway_low_t+1,ln_all_ones_t+0,6,180,1519000.0,711860000.0,1.0,1.0,0.0,0,0.0021338465428595,/home/joschua/桌面/KaHIP/min_balanced_cut_road_networks_osm/result/Los_Angeles_USA/rt_motorway_low_t+1/2025-08-26/ln_all_ones_t+0_run1_k6_a1.0_b1.0_g0.0.png,/home/joschua/桌面/KaHIP/min_balanced_cut_road_networks_osm/result/Los_Angeles_USA/rt_motorway_low_t+1/2025-08-26/ln_all_ones_t+0_edges_partitions_k6.json,15.906863927841188,road,motorway_low,1,2.0,all_ones,0,1.0
2025-08-26T20:09:10,"Los Angeles, USA",3000,rt_motorway_low_t+1,ln_all_ones_t+0,6,180,1519000.0,711860000.0,1.0,1.0,0.0,1,0.0021338465428595,/home/joschua/桌面/KaHIP/min_balanced_cut_road_networks_osm/result/Los_Angeles_USA/rt_motorway_low_t+1/2025-08-26/ln_all_ones_t+0_run1_k6_a1.0_b1.0_g0.0.png,/home/joschua/桌面/KaHIP/min_balanced_cut_road_networks_osm/result/Los_Angeles_USA/rt_motorway_low_t+1/2025-08-26/ln_all_ones_t+0_edges_partitions_k6.json,15.949105262756348,road,motorway_low,1,2.0,all_ones,0,1.0
2025-08-26T20:09:28,"Los Angeles, USA",3000,rt_motorway_low_t+1,ln_all_ones_t+0,6,180,1519000.0,711860000.0,1.0,1.0,0.0,2,0.0021338465428595,/home/joschua/桌面/KaHIP/min_balanced_cut_road_networks_osm/result/Los_Angeles_USA/rt_motorway_low_t+1/2025-08-26/ln_all_ones_t+0_run1_k6_a1.0_b1.0_g0.0.png,/home/joschua/桌面/KaHIP/min_balanced_cut_road_networks_osm/result/Los_Angeles_USA/rt_motorway_low_t+1/2025-08-26/ln_all_ones_t+0_edges_partitions_k6.json,15.985198259353638,road,motorway_low,1,2.0,all_ones,0,1.0
2025-08-26T20:09:45,"Los Angeles, USA",3000,rt_motorway_low_t+2,ln_all_ones_t+0,6,184,1672000.0,715077000.0,1.0,1.0,0.0,0,0.0023382097312597,/home/joschua/桌面/KaHIP/min_balanced_cut_road_networks_osm/result/Los_Angeles_USA/rt_motorway_low_t+2/2025-08-26/ln_all_ones_t+0_run1_k6_a1.0_b1.0_g0.0.png,/home/joschua/桌面/KaHIP/min_balanced_cut_road_networks_osm/result/Los_Angeles_USA/rt_motorway_low_t+2/2025-08-26/ln_all_ones_t+0_edges_partitions_k6.json,15.844611167907717,road,motorway_low,2,4.0,all_ones,0,1.0
2025-08-26T20:10:02,"Los Angeles, USA",3000,rt_motorway_low_t+2,ln_all_ones_t+0,6,184,1672000.0,715077000.0,1.0,1.0,0.0,1,0.0023382097312597,/home/joschua/桌面/KaHIP/min_balanced_cut_road_networks_osm/result/Los_Angeles_USA/rt_motorway_low_t+2/2025-08-26/ln_all_ones_t+0_run1_k6_a1.0_b1.0_g0.0.png,/home/joschua/桌面/KaHIP/min_balanced_cut_road_networks_osm/result/Los_Angeles_USA/rt_motorway_low_t+2/2025-08-26/ln_all_ones_t+0_edges_partitions_k6.json,16.208521842956543,road,motorway_low,2,4.0,all_ones,0,1.0
2025-08-26T20:10:20,"Los Angeles, USA",3000,rt_motorway_low_t+2,ln_all_ones_t+0,6,184,1672000.0,715077000.0,1.0,1.0,0.0,2,0.0023382097312597,/home/joschua/桌面/KaHIP/min_balanced_cut_road_networks_osm/result/Los_Angeles_USA/rt_motorway_low_t+2/2025-08-26/ln_all_ones_t+0_run1_k6_a1.0_b1.0_g0.0.png,/home/joschua/桌面/KaHIP/min_balanced_cut_road_networks_osm/result/Los_Angeles_USA/rt_motorway_low_t+2/2025-08-26/ln_all_ones_t+0_edges_partitions_k6.json,15.977365732192991,road,motorway_low,2,4.0,all_ones,0,1.0
2025-08-26T20:10:27,"Vienna, Austria",3000,rt_motorway_high_t-2,ln_all_ones_t+0,6,148,280750.0,55656750.0,1.0,1.0,0.0,0,0.0050443117860816,/home/joschua/桌面/KaHIP/min_balanced_cut_road_networks_osm/result/Vienna_Austria/rt_motorway_high_t-2/2025-08-26/ln_all_ones_t+0_run1_k6_a1.0_b1.0_g0.0.png,/home/joschua/桌面/KaHIP/min_balanced_cut_road_networks_osm/result/Vienna_Austria/rt_motorway_high_t-2/2025-08-26/ln_all_ones_t+0_edges_partitions_k6.json,6.144704103469849,road,motorway_high,-2,0.25,all_ones,0,1.0
2025-08-26T20:10:34,"Vienna, Austria",3000,rt_motorway_high_t-2,ln_all_ones_t+0,6,148,280750.0,55656750.0,1.0,1.0,0.0,1,0.0050443117860816,/home/joschua/桌面/KaHIP/min_balanced_cut_road_networks_osm/result/Vienna_Austria/rt_motorway_high_t-2/2025-08-26/ln_all_ones_t+0_run1_k6_a1.0_b1.0_g0.0.png,/home/joschua/桌面/KaHIP/min_balanced_cut_road_networks_osm/result/Vienna_Austria/rt_motorway_high_t-2/2025-08-26/ln_all_ones_t+0_edges_partitions_k6.json,6.194865703582764,road,motorway_high,-2,0.25,all_ones,0,1.0
2025-08-26T20:10:41,"Vienna, Austria",3000,rt_motorway_high_t-2,ln_all_ones_t+0,6,148,280750.0,55656750.0,1.0,1.0,0.0,2,0.0050443117860816,/home/joschua/桌面/KaHIP/min_balanced_cut_road_networks_osm/result/Vienna_Austria/rt_motorway_high_t-2/2025-08-26/ln_all_ones_t+0_run1_k6_a1.0_b1.0_g0.0.png,/home/joschua/桌面/KaHIP/min_balanced_cut_road_networks_osm/result/Vienna_Austria/rt_motorway_high_t-2/2025-08-26/ln_all_ones_t+0_edges_partitions_k6.json,6.155050277709961,road,motorway_high,-2,0.25,all_ones,0,1.0
2025-08-26T20:10:49,"Vienna, Austria",3000,rt_motorway_high_t-1,ln_all_ones_t+0,6,143,385000.0,87279500.0,1.0,1.0,0.0,0,0.0044111160123511,/home/joschua/桌面/KaHIP/min_balanced_cut_road_networks_osm/result/Vienna_Austria/rt_motorway_high_t-1/2025-08-26/ln_all_ones_t+0_run1_k6_a1.0_b1.0_g0.0.png,/home/joschua/桌面/KaHIP/min_balanced_cut_road_networks_osm/result/Vienna_Austria/rt_motorway_high_t-1/2025-08-26/ln_all_ones_t+0_edges_partitions_k6.json,6.181516408920288,road,motorway_high,-1,0.5,all_ones,0,1.0
2025-08-26T20:10:56,"Vienna, Austria",3000,rt_motorway_high_t-1,ln_all_ones_t+0,6,143,385000.0,87279500.0,1.0,1.0,0.0,1,0.0044111160123511,/home/joschua/桌面/KaHIP/min_balanced_cut_road_networks_osm/result/Vienna_Austria/rt_motorway_high_t-1/2025-08-26/ln_all_ones_t+0_run1_k6_a1.0_b1.0_g0.0.png,/home/joschua/桌面/KaHIP/min_balanced_cut_road_networks_osm/result/Vienna_Austria/rt_motorway_high_t-1/2025-08-26/ln_all_ones_t+0_edges_partitions_k6.json,6.212196350097656,road,motorway_high,-1,0.5,all_ones,0,1.0
2025-08-26T20:11:03,"Vienna, Austria",3000,rt_motorway_high_t-1,ln_all_ones_t+0,6,143,385000.0,87279500.0,1.0,1.0,0.0,2,0.0044111160123511,/home/joschua/桌面/KaHIP/min_balanced_cut_road_networks_osm/result/Vienna_Austria/rt_motorway_high_t-1/2025-08-26/ln_all_ones_t+0_run1_k6_a1.0_b1.0_g0.0.png,/home/joschua/桌面/KaHIP/min_balanced_cut_road_networks_osm/result/Vienna_Austria/rt_motorway_high_t-1/2025-08-26/ln_all_ones_t+0_edges_partitions_k6.json,6.157223224639893,road,motorway_high,-1,0.5,all_ones,0,1.0
2025-08-26T20:11:10,"Vienna, Austria",3000,rt_motorway_high_t+0,ln_all_ones_t+0,6,138,601000.0,149192000.0,1.0,1.0,0.0,0,0.0040283661322322,/home/joschua/桌面/KaHIP/min_balanced_cut_road_networks_osm/result/Vienna_Austria/rt_motorway_high_t+0/2025-08-26/ln_all_ones_t+0_run1_k6_a1.0_b1.0_g0.0.png,/home/joschua/桌面/KaHIP/min_balanced_cut_road_networks_osm/result/Vienna_Austria/rt_motorway_high_t+0/2025-08-26/ln_all_ones_t+0_edges_partitions_k6.json,6.20166277885437,road,motorway_high,0,1.0,all_ones,0,1.0
2025-08-26T20:11:17,"Vienna, Austria",3000,rt_motorway_high_t+0,ln_all_ones_t+0,6,138,601000.0,149192000.0,1.0,1.0,0.0,1,0.0040283661322322,/home/joschua/桌面/KaHIP/min_balanced_cut_road_networks_osm/result/Vienna_Austria/rt_motorway_high_t+0/2025-08-26/ln_all_ones_t+0_run1_k6_a1.0_b1.0_g0.0.png,/home/joschua/桌面/KaHIP/min_balanced_cut_road_networks_osm/result/Vienna_Austria/rt_motorway_high_t+0/2025-08-26/ln_all_ones_t+0_edges_partitions_k6.json,6.186585187911987,road,motorway_high,0,1.0,all_ones,0,1.0
2025-08-26T20:11:24,"Vienna, Austria",3000,rt_motorway_high_t+0,ln_all_ones_t+0,6,138,601000.0,149192000.0,1.0,1.0,0.0,2,0.0040283661322322,/home/joschua/桌面/KaHIP/min_balanced_cut_road_networks_osm/result/Vienna_Austria/rt_motorway_high_t+0/2025-08-26/ln_all_ones_t+0_run1_k6_a1.0_b1.0_g0.0.png,/home/joschua/桌面/KaHIP/min_balanced_cut_road_networks_osm/result/Vienna_Austria/rt_motorway_high_t+0/2025-08-26/ln_all_ones_t+0_edges_partitions_k6.json,6.154725074768066,road,motorway_high,0,1.0,all_ones,0,1.0
2025-08-26T20:11:31,"Vienna, Austria",3000,rt_motorway_high_t+1,ln_all_ones_t+0,6,141,1011000.0,219071000.0,1.0,1.0,0.0,0,0.0046149421876925,/home/joschua/桌面/KaHIP/min_balanced_cut_road_networks_osm/result/Vienna_Austria/rt_motorway_high_t+1/2025-08-26/ln_all_ones_t+0_run1_k6_a1.0_b1.0_g0.0.png,/home/joschua/桌面/KaHIP/min_balanced_cut_road_networks_osm/result/Vienna_Austria/rt_motorway_high_t+1/2025-08-26/ln_all_ones_t+0_edges_partitions_k6.json,6.140990495681763,road,motorway_high,1,2.0,all_ones,0,1.0
2025-08-26T20:11:39,"Vienna, Austria",3000,rt_motorway_high_t+1,ln_all_ones_t+0,6,141,1011000.0,219071000.0,1.0,1.0,0.0,1,0.0046149421876925,/home/joschua/桌面/KaHIP/min_balanced_cut_road_networks_osm/result/Vienna_Austria/rt_motorway_high_t+1/2025-08-26/ln_all_ones_t+0_run1_k6_a1.0_b1.0_g0.0.png,/home/joschua/桌面/KaHIP/min_balanced_cut_road_networks_osm/result/Vienna_Austria/rt_motorway_high_t+1/2025-08-26/ln_all_ones_t+0_edges_partitions_k6.json,6.159626722335815,road,motorway_high,1,2.0,all_ones,0,1.0
2025-08-26T20:11:46,"Vienna, Austria",3000,rt_motorway_high_t+1,ln_all_ones_t+0,6,141,1011000.0,219071000.0,1.0,1.0,0.0,2,0.0046149421876925,/home/joschua/桌面/KaHIP/min_balanced_cut_road_networks_osm/result/Vienna_Austria/rt_motorway_high_t+1/2025-08-26/ln_all_ones_t+0_run1_k6_a1.0_b1.0_g0.0.png,/home/joschua/桌面/KaHIP/min_balanced_cut_road_networks_osm/result/Vienna_Austria/rt_motorway_high_t+1/2025-08-26/ln_all_ones_t+0_edges_partitions_k6.json,6.160751819610596,road,motorway_high,1,2.0,all_ones,0,1.0
2025-08-26T20:11:53,"Vienna, Austria",3000,rt_motorway_high_t+2,ln_all_ones_t+0,6,158,1498000.0,237250000.0,1.0,1.0,0.0,0,0.0063140147523709,/home/joschua/桌面/KaHIP/min_balanced_cut_road_networks_osm/result/Vienna_Austria/rt_motorway_high_t+2/2025-08-26/ln_all_ones_t+0_run1_k6_a1.0_b1.0_g0.0.png,/home/joschua/桌面/KaHIP/min_balanced_cut_road_networks_osm/result/Vienna_Austria/rt_motorway_high_t+2/2025-08-26/ln_all_ones_t+0_edges_partitions_k6.json,6.067227840423584,road,motorway_high,2,4.0,all_ones,0,1.0
2025-08-26T20:12:00,"Vienna, Austria",3000,rt_motorway_high_t+2,ln_all_ones_t+0,6,158,1498000.0,237250000.0,1.0,1.0,0.0,1,0.0063140147523709,/home/joschua/桌面/KaHIP/min_balanced_cut_road_networks_osm/result/Vienna_Austria/rt_motorway_high_t+2/2025-08-26/ln_all_ones_t+0_run1_k6_a1.0_b1.0_g0.0.png,/home/joschua/桌面/KaHIP/min_balanced_cut_road_networks_osm/result/Vienna_Austria/rt_motorway_high_t+2/2025-08-26/ln_all_ones_t+0_edges_partitions_k6.json,6.124824285507202,road,motorway_high,2,4.0,all_ones,0,1.0
2025-08-26T20:12:07,"Vienna, Austria",3000,rt_motorway_high_t+2,ln_all_ones_t+0,6,158,1498000.0,237250000.0,1.0,1.0,0.0,2,0.0063140147523709,/home/joschua/桌面/KaHIP/min_balanced_cut_road_networks_osm/result/Vienna_Austria/rt_motorway_high_t+2/2025-08-26/ln_all_ones_t+0_run1_k6_a1.0_b1.0_g0.0.png,/home/joschua/桌面/KaHIP/min_balanced_cut_road_networks_osm/result/Vienna_Austria/rt_motorway_high_t+2/2025-08-26/ln_all_ones_t+0_edges_partitions_k6.json,6.09013819694519,road,motorway_high,2,4.0,all_ones,0,1.0
2025-08-26T20:12:14,"Vienna, Austria",3000,rt_motorway_low_t-2,ln_all_ones_t+0,6,147,519500.0,82081250.0,1.0,1.0,0.0,0,0.0063290946470722,/home/joschua/桌面/KaHIP/min_balanced_cut_road_networks_osm/result/Vienna_Austria/rt_motorway_low_t-2/2025-08-26/ln_all_ones_t+0_run1_k6_a1.0_b1.0_g0.0.png,/home/joschua/桌面/KaHIP/min_balanced_cut_road_networks_osm/result/Vienna_Austria/rt_motorway_low_t-2/2025-08-26/ln_all_ones_t+0_edges_partitions_k6.json,6.154825687408447,road,motorway_low,-2,0.25,all_ones,0,1.0
2025-08-26T20:12:21,"Vienna, Austria",3000,rt_motorway_low_t-2,ln_all_ones_t+0,6,147,519500.0,82081250.0,1.0,1.0,0.0,1,0.0063290946470722,/home/joschua/桌面/KaHIP/min_balanced_cut_road_networks_osm/result/Vienna_Austria/rt_motorway_low_t-2/2025-08-26/ln_all_ones_t+0_run1_k6_a1.0_b1.0_g0.0.png,/home/joschua/桌面/KaHIP/min_balanced_cut_road_networks_osm/result/Vienna_Austria/rt_motorway_low_t-2/2025-08-26/ln_all_ones_t+0_edges_partitions_k6.json,6.185724973678589,road,motorway_low,-2,0.25,all_ones,0,1.0
2025-08-26T20:12:28,"Vienna, Austria",3000,rt_motorway_low_t-2,ln_all_ones_t+0,6,147,519500.0,82081250.0,1.0,1.0,0.0,2,0.0063290946470722,/home/joschua/桌面/KaHIP/min_balanced_cut_road_networks_osm/result/Vienna_Austria/rt_motorway_low_t-2/2025-08-26/ln_all_ones_t+0_run1_k6_a1.0_b1.0_g0.0.png,/home/joschua/桌面/KaHIP/min_balanced_cut_road_networks_osm/result/Vienna_Austria/rt_motorway_low_t-2/2025-08-26/ln_all_ones_t+0_edges_partitions_k6.json,6.163729190826416,road,motorway_low,-2,0.25,all_ones,0,1.0
2025-08-26T20:12:35,"Vienna, Austria",3000,rt_motorway_low_t-1,ln_all_ones_t+0,6,157,945000.0,140128500.0,1.0,1.0,0.0,0,0.0067438101456877,/home/joschua/桌面/KaHIP/min_balanced_cut_road_networks_osm/result/Vienna_Austria/rt_motorway_low_t-1/2025-08-26/ln_all_ones_t+0_run1_k6_a1.0_b1.0_g0.0.png,/home/joschua/桌面/KaHIP/min_balanced_cut_road_networks_osm/result/Vienna_Austria/rt_motorway_low_t-1/2025-08-26/ln_all_ones_t+0_edges_partitions_k6.json,6.190575838088989,road,motorway_low,-1,0.5,all_ones,0,1.0
2025-08-26T20:12:43,"Vienna, Austria",3000,rt_motorway_low_t-1,ln_all_ones_t+0,6,157,945000.0,140128500.0,1.0,1.0,0.0,1,0.0067438101456877,/home/joschua/桌面/KaHIP/min_balanced_cut_road_networks_osm/result/Vienna_Austria/rt_motorway_low_t-1/2025-08-26/ln_all_ones_t+0_run1_k6_a1.0_b1.0_g0.0.png,/home/joschua/桌面/KaHIP/min_balanced_cut_road_networks_osm/result/Vienna_Austria/rt_motorway_low_t-1/2025-08-26/ln_all_ones_t+0_edges_partitions_k6.json,6.183245897293091,road,motorway_low,-1,0.5,all_ones,0,1.0
2025-08-26T20:12:50,"Vienna, Austria",3000,rt_motorway_low_t-1,ln_all_ones_t+0,6,157,945000.0,140128500.0,1.0,1.0,0.0,2,0.0067438101456877,/home/joschua/桌面/KaHIP/min_balanced_cut_road_networks_osm/result/Vienna_Austria/rt_motorway_low_t-1/2025-08-26/ln_all_ones_t+0_run1_k6_a1.0_b1.0_g0.0.png,/home/joschua/桌面/KaHIP/min_balanced_cut_road_networks_osm/result/Vienna_Austria/rt_motorway_low_t-1/2025-08-26/ln_all_ones_t+0_edges_partitions_k6.json,6.163552045822144,road,motorway_low,-1,0.5,all_ones,0,1.0
2025-08-26T20:12:57,"Vienna, Austria",3000,rt_motorway_low_t+0,ln_all_ones_t+0,6,150,1355000.0,235076000.0,1.0,1.0,0.0,0,0.0057640933145025,/home/joschua/桌面/KaHIP/min_balanced_cut_road_networks_osm/result/Vienna_Austria/rt_motorway_low_t+0/2025-08-26/ln_all_ones_t+0_run1_k6_a1.0_b1.0_g0.0.png,/home/joschua/桌面/KaHIP/min_balanced_cut_road_networks_osm/result/Vienna_Austria/rt_motorway_low_t+0/2025-08-26/ln_all_ones_t+0_edges_partitions_k6.json,6.075538635253906,road,motorway_low,0,1.0,all_ones,0,1.0
2025-08-26T20:13:04,"Vienna, Austria",3000,rt_motorway_low_t+0,ln_all_ones_t+0,6,150,1355000.0,235076000.0,1.0,1.0,0.0,1,0.0057640933145025,/home/joschua/桌面/KaHIP/min_balanced_cut_road_networks_osm/result/Vienna_Austria/rt_motorway_low_t+0/2025-08-26/ln_all_ones_t+0_run1_k6_a1.0_b1.0_g0.0.png,/home/joschua/桌面/KaHIP/min_balanced_cut_road_networks_osm/result/Vienna_Austria/rt_motorway_low_t+0/2025-08-26/ln_all_ones_t+0_edges_partitions_k6.json,6.049849510192871,road,motorway_low,0,1.0,all_ones,0,1.0
2025-08-26T20:13:11,"Vienna, Austria",3000,rt_motorway_low_t+0,ln_all_ones_t+0,6,150,1355000.0,235076000.0,1.0,1.0,0.0,2,0.0057640933145025,/home/joschua/桌面/KaHIP/min_balanced_cut_road_networks_osm/result/Vienna_Austria/rt_motorway_low_t+0/2025-08-26/ln_all_ones_t+0_run1_k6_a1.0_b1.0_g0.0.png,/home/joschua/桌面/KaHIP/min_balanced_cut_road_networks_osm/result/Vienna_Austria/rt_motorway_low_t+0/2025-08-26/ln_all_ones_t+0_edges_partitions_k6.json,6.119749307632446,road,motorway_low,0,1.0,all_ones,0,1.0
2025-08-26T20:13:18,"Vienna, Austria",3000,rt_motorway_low_t+1,ln_all_ones_t+0,6,145,1383000.0,237744000.0,1.0,1.0,0.0,0,0.0058171815061578,/home/joschua/桌面/KaHIP/min_balanced_cut_road_networks_osm/result/Vienna_Austria/rt_motorway_low_t+1/2025-08-26/ln_all_ones_t+0_run1_k6_a1.0_b1.0_g0.0.png,/home/joschua/桌面/KaHIP/min_balanced_cut_road_networks_osm/result/Vienna_Austria/rt_motorway_low_t+1/2025-08-26/ln_all_ones_t+0_edges_partitions_k6.json,6.327725648880005,road,motorway_low,1,2.0,all_ones,0,1.0
2025-08-26T20:13:25,"Vienna, Austria",3000,rt_motorway_low_t+1,ln_all_ones_t+0,6,145,1383000.0,237744000.0,1.0,1.0,0.0,1,0.0058171815061578,/home/joschua/桌面/KaHIP/min_balanced_cut_road_networks_osm/result/Vienna_Austria/rt_motorway_low_t+1/2025-08-26/ln_all_ones_t+0_run1_k6_a1.0_b1.0_g0.0.png,/home/joschua/桌面/KaHIP/min_balanced_cut_road_networks_osm/result/Vienna_Austria/rt_motorway_low_t+1/2025-08-26/ln_all_ones_t+0_edges_partitions_k6.json,6.147792100906372,road,motorway_low,1,2.0,all_ones,0,1.0
2025-08-26T20:13:32,"Vienna, Austria",3000,rt_motorway_low_t+1,ln_all_ones_t+0,6,145,1383000.0,237744000.0,1.0,1.0,0.0,2,0.0058171815061578,/home/joschua/桌面/KaHIP/min_balanced_cut_road_networks_osm/result/Vienna_Austria/rt_motorway_low_t+1/2025-08-26/ln_all_ones_t+0_run1_k6_a1.0_b1.0_g0.0.png,/home/joschua/桌面/KaHIP/min_balanced_cut_road_networks_osm/result/Vienna_Austria/rt_motorway_low_t+1/2025-08-26/ln_all_ones_t+0_edges_partitions_k6.json,6.216771841049194,road,motorway_low,1,2.0,all_ones,0,1.0
2025-08-26T20:13:40,"Vienna, Austria",3000,rt_motorway_low_t+2,ln_all_ones_t+0,6,145,1387000.0,238473000.0,1.0,1.0,0.0,0,0.0058161720614073,/home/joschua/桌面/KaHIP/min_balanced_cut_road_networks_osm/result/Vienna_Austria/rt_motorway_low_t+2/2025-08-26/ln_all_ones_t+0_run1_k6_a1.0_b1.0_g0.0.png,/home/joschua/桌面/KaHIP/min_balanced_cut_road_networks_osm/result/Vienna_Austria/rt_motorway_low_t+2/2025-08-26/ln_all_ones_t+0_edges_partitions_k6.json,6.229098796844482,road,motorway_low,2,4.0,all_ones,0,1.0
2025-08-26T20:13:47,"Vienna, Austria",3000,rt_motorway_low_t+2,ln_all_ones_t+0,6,145,1387000.0,238473000.0,1.0,1.0,0.0,1,0.0058161720614073,/home/joschua/桌面/KaHIP/min_balanced_cut_road_networks_osm/result/Vienna_Austria/rt_motorway_low_t+2/2025-08-26/ln_all_ones_t+0_run1_k6_a1.0_b1.0_g0.0.png,/home/joschua/桌面/KaHIP/min_balanced_cut_road_networks_osm/result/Vienna_Austria/rt_motorway_low_t+2/2025-08-26/ln_all_ones_t+0_edges_partitions_k6.json,6.21264386177063,road,motorway_low,2,4.0,all_ones,0,1.0
2025-08-26T20:13:54,"Vienna, Austria",3000,rt_motorway_low_t+2,ln_all_ones_t+0,6,145,1387000.0,238473000.0,1.0,1.0,0.0,2,0.0058161720614073,/home/joschua/桌面/KaHIP/min_balanced_cut_road_networks_osm/result/Vienna_Austria/rt_motorway_low_t+2/2025-08-26/ln_all_ones_t+0_run1_k6_a1.0_b1.0_g0.0.png,/home/joschua/桌面/KaHIP/min_balanced_cut_road_networks_osm/result/Vienna_Austria/rt_motorway_low_t+2/2025-08-26/ln_all_ones_t+0_edges_partitions_k6.json,6.086378574371338,road,motorway_low,2,4.0,all_ones,0,1.0
2025-08-26T20:13:59,"Paris, France",3000,rt_all_ones_t+0,ln_more_lanes_heavier_t-2,6,178,251500.0,20314250.0,1.0,1.0,0.0,0,0.0123804718362725,/home/joschua/桌面/KaHIP/min_balanced_cut_road_networks_osm/result/Paris_France/rt_all_ones_t+0/2025-08-26/ln_more_lanes_heavier_t-2_run1_k6_a1.0_b1.0_g0.0.png,/home/joschua/桌面/KaHIP/min_balanced_cut_road_networks_osm/result/Paris_France/rt_all_ones_t+0/2025-08-26/ln_more_lanes_heavier_t-2_edges_partitions_k6.json,4.329505920410156,lane,all_ones,0,1.0,more_lanes_heavier,-2,0.25
2025-08-26T20:14:04,"Paris, France",3000,rt_all_ones_t+0,ln_more_lanes_heavier_t-2,6,178,251500.0,20314250.0,1.0,1.0,0.0,1,0.0123804718362725,/home/joschua/桌面/KaHIP/min_balanced_cut_road_networks_osm/result/Paris_France/rt_all_ones_t+0/2025-08-26/ln_more_lanes_heavier_t-2_run1_k6_a1.0_b1.0_g0.0.png,/home/joschua/桌面/KaHIP/min_balanced_cut_road_networks_osm/result/Paris_France/rt_all_ones_t+0/2025-08-26/ln_more_lanes_heavier_t-2_edges_partitions_k6.json,4.297226190567017,lane,all_ones,0,1.0,more_lanes_heavier,-2,0.25
2025-08-26T20:14:10,"Paris, France",3000,rt_all_ones_t+0,ln_more_lanes_heavier_t-2,6,178,251500.0,20314250.0,1.0,1.0,0.0,2,0.0123804718362725,/home/joschua/桌面/KaHIP/min_balanced_cut_road_networks_osm/result/Paris_France/rt_all_ones_t+0/2025-08-26/ln_more_lanes_heavier_t-2_run1_k6_a1.0_b1.0_g0.0.png,/home/joschua/桌面/KaHIP/min_balanced_cut_road_networks_osm/result/Paris_France/rt_all_ones_t+0/2025-08-26/ln_more_lanes_heavier_t-2_edges_partitions_k6.json,4.304189443588257,lane,all_ones,0,1.0,more_lanes_heavier,-2,0.25
2025-08-26T20:14:15,"Paris, France",3000,rt_all_ones_t+0,ln_more_lanes_heavier_t-1,6,182,314500.0,25853500.0,1.0,1.0,0.0,0,0.0121646972363509,/home/joschua/桌面/KaHIP/min_balanced_cut_road_networks_osm/result/Paris_France/rt_all_ones_t+0/2025-08-26/ln_more_lanes_heavier_t-1_run1_k6_a1.0_b1.0_g0.0.png,/home/joschua/桌面/KaHIP/min_balanced_cut_road_networks_osm/result/Paris_France/rt_all_ones_t+0/2025-08-26/ln_more_lanes_heavier_t-1_edges_partitions_k6.json,4.353770732879639,lane,all_ones,0,1.0,more_lanes_heavier,-1,0.5
2025-08-26T20:14:20,"Paris, France",3000,rt_all_ones_t+0,ln_more_lanes_heavier_t-1,6,182,314500.0,25853500.0,1.0,1.0,0.0,1,0.0121646972363509,/home/joschua/桌面/KaHIP/min_balanced_cut_road_networks_osm/result/Paris_France/rt_all_ones_t+0/2025-08-26/ln_more_lanes_heavier_t-1_run1_k6_a1.0_b1.0_g0.0.png,/home/joschua/桌面/KaHIP/min_balanced_cut_road_networks_osm/result/Paris_France/rt_all_ones_t+0/2025-08-26/ln_more_lanes_heavier_t-1_edges_partitions_k6.json,4.465087413787842,lane,all_ones,0,1.0,more_lanes_heavier,-1,0.5
2025-08-26T20:14:26,"Paris, France",3000,rt_all_ones_t+0,ln_more_lanes_heavier_t-1,6,182,314500.0,25853500.0,1.0,1.0,0.0,2,0.0121646972363509,/home/joschua/桌面/KaHIP/min_balanced_cut_road_networks_osm/result/Paris_France/rt_all_ones_t+0/2025-08-26/ln_more_lanes_heavier_t-1_run1_k6_a1.0_b1.0_g0.0.png,/home/joschua/桌面/KaHIP/min_balanced_cut_road_networks_osm/result/Paris_France/rt_all_ones_t+0/2025-08-26/ln_more_lanes_heavier_t-1_edges_partitions_k6.json,4.335773944854736,lane,all_ones,0,1.0,more_lanes_heavier,-1,0.5
2025-08-26T20:14:31,"Paris, France",3000,rt_all_ones_t+0,ln_more_lanes_heavier_t+0,6,185,434000.0,36932000.0,1.0,1.0,0.0,0,0.011751326762699,/home/joschua/桌面/KaHIP/min_balanced_cut_road_networks_osm/result/Paris_France/rt_all_ones_t+0/2025-08-26/ln_more_lanes_heavier_t+0_run1_k6_a1.0_b1.0_g0.0.png,/home/joschua/桌面/KaHIP/min_balanced_cut_road_networks_osm/result/Paris_France/rt_all_ones_t+0/2025-08-26/ln_more_lanes_heavier_t+0_edges_partitions_k6.json,4.336549758911133,lane,all_ones,0,1.0,more_lanes_heavier,0,1.0
2025-08-26T20:14:36,"Paris, France",3000,rt_all_ones_t+0,ln_more_lanes_heavier_t+0,6,185,434000.0,36932000.0,1.0,1.0,0.0,1,0.011751326762699,/home/joschua/桌面/KaHIP/min_balanced_cut_road_networks_osm/result/Paris_France/rt_all_ones_t+0/2025-08-26/ln_more_lanes_heavier_t+0_run1_k6_a1.0_b1.0_g0.0.png,/home/joschua/桌面/KaHIP/min_balanced_cut_road_networks_osm/result/Paris_France/rt_all_ones_t+0/2025-08-26/ln_more_lanes_heavier_t+0_edges_partitions_k6.json,4.317589521408081,lane,all_ones,0,1.0,more_lanes_heavier,0,1.0
2025-08-26T20:14:41,"Paris, France",3000,rt_all_ones_t+0,ln_more_lanes_heavier_t+0,6,185,434000.0,36932000.0,1.0,1.0,0.0,2,0.011751326762699,/home/joschua/桌面/KaHIP/min_balanced_cut_road_networks_osm/result/Paris_France/rt_all_ones_t+0/2025-08-26/ln_more_lanes_heavier_t+0_run1_k6_a1.0_b1.0_g0.0.png,/home/joschua/桌面/KaHIP/min_balanced_cut_road_networks_osm/result/Paris_France/rt_all_ones_t+0/2025-08-26/ln_more_lanes_heavier_t+0_edges_partitions_k6.json,4.3494553565979,lane,all_ones,0,1.0,more_lanes_heavier,0,1.0
2025-08-26T20:14:47,"Paris, France",3000,rt_all_ones_t+0,ln_more_lanes_heavier_t+1,6,187,694000.0,58728000.0,1.0,1.0,0.0,0,0.0118171911183762,/home/joschua/桌面/KaHIP/min_balanced_cut_road_networks_osm/result/Paris_France/rt_all_ones_t+0/2025-08-26/ln_more_lanes_heavier_t+1_run1_k6_a1.0_b1.0_g0.0.png,/home/joschua/桌面/KaHIP/min_balanced_cut_road_networks_osm/result/Paris_France/rt_all_ones_t+0/2025-08-26/ln_more_lanes_heavier_t+1_edges_partitions_k6.json,4.321587800979614,lane,all_ones,0,1.0,more_lanes_heavier,1,2.0
2025-08-26T20:14:52,"Paris, France",3000,rt_all_ones_t+0,ln_more_lanes_heavier_t+1,6,187,694000.0,58728000.0,1.0,1.0,0.0,1,0.0118171911183762,/home/joschua/桌面/KaHIP/min_balanced_cut_road_networks_osm/result/Paris_France/rt_all_ones_t+0/2025-08-26/ln_more_lanes_heavier_t+1_run1_k6_a1.0_b1.0_g0.0.png,/home/joschua/桌面/KaHIP/min_balanced_cut_road_networks_osm/result/Paris_France/rt_all_ones_t+0/2025-08-26/ln_more_lanes_heavier_t+1_edges_partitions_k6.json,4.295001029968262,lane,all_ones,0,1.0,more_lanes_heavier,1,2.0
2025-08-26T20:14:57,"Paris, France",3000,rt_all_ones_t+0,ln_more_lanes_heavier_t+1,6,187,694000.0,58728000.0,1.0,1.0,0.0,2,0.0118171911183762,/home/joschua/桌面/KaHIP/min_balanced_cut_road_networks_osm/result/Paris_France/rt_all_ones_t+0/2025-08-26/ln_more_lanes_heavier_t+1_run1_k6_a1.0_b1.0_g0.0.png,/home/joschua/桌面/KaHIP/min_balanced_cut_road_networks_osm/result/Paris_France/rt_all_ones_t+0/2025-08-26/ln_more_lanes_heavier_t+1_edges_partitions_k6.json,4.382096290588379,lane,all_ones,0,1.0,more_lanes_heavier,1,2.0
2025-08-26T20:15:03,"Paris, France",3000,rt_all_ones_t+0,ln_more_lanes_heavier_t+2,6,184,1071000.0,93341000.0,1.0,1.0,0.0,0,0.0114740574881349,/home/joschua/桌面/KaHIP/min_balanced_cut_road_networks_osm/result/Paris_France/rt_all_ones_t+0/2025-08-26/ln_more_lanes_heavier_t+2_run1_k6_a1.0_b1.0_g0.0.png,/home/joschua/桌面/KaHIP/min_balanced_cut_road_networks_osm/result/Paris_France/rt_all_ones_t+0/2025-08-26/ln_more_lanes_heavier_t+2_edges_partitions_k6.json,4.450898170471191,lane,all_ones,0,1.0,more_lanes_heavier,2,4.0
2025-08-26T20:15:08,"Paris, France",3000,rt_all_ones_t+0,ln_more_lanes_heavier_t+2,6,184,1071000.0,93341000.0,1.0,1.0,0.0,1,0.0114740574881349,/home/joschua/桌面/KaHIP/min_balanced_cut_road_networks_osm/result/Paris_France/rt_all_ones_t+0/2025-08-26/ln_more_lanes_heavier_t+2_run1_k6_a1.0_b1.0_g0.0.png,/home/joschua/桌面/KaHIP/min_balanced_cut_road_networks_osm/result/Paris_France/rt_all_ones_t+0/2025-08-26/ln_more_lanes_heavier_t+2_edges_partitions_k6.json,4.353951930999756,lane,all_ones,0,1.0,more_lanes_heavier,2,4.0
2025-08-26T20:15:13,"Paris, France",3000,rt_all_ones_t+0,ln_more_lanes_heavier_t+2,6,184,1071000.0,93341000.0,1.0,1.0,0.0,2,0.0114740574881349,/home/joschua/桌面/KaHIP/min_balanced_cut_road_networks_osm/result/Paris_France/rt_all_ones_t+0/2025-08-26/ln_more_lanes_heavier_t+2_run1_k6_a1.0_b1.0_g0.0.png,/home/joschua/桌面/KaHIP/min_balanced_cut_road_networks_osm/result/Paris_France/rt_all_ones_t+0/2025-08-26/ln_more_lanes_heavier_t+2_edges_partitions_k6.json,4.372812032699585,lane,all_ones,0,1.0,more_lanes_heavier,2,4.0
2025-08-26T20:15:18,"Paris, France",3000,rt_all_ones_t+0,ln_more_lanes_lighter_t-2,6,147,313750.0,34913500.0,1.0,1.0,0.0,0,0.0089864951952683,/home/joschua/桌面/KaHIP/min_balanced_cut_road_networks_osm/result/Paris_France/rt_all_ones_t+0/2025-08-26/ln_more_lanes_lighter_t-2_run1_k6_a1.0_b1.0_g0.0.png,/home/joschua/桌面/KaHIP/min_balanced_cut_road_networks_osm/result/Paris_France/rt_all_ones_t+0/2025-08-26/ln_more_lanes_lighter_t-2_edges_partitions_k6.json,4.334784507751465,lane,all_ones,0,1.0,more_lanes_lighter,-2,0.25
2025-08-26T20:15:24,"Paris, France",3000,rt_all_ones_t+0,ln_more_lanes_lighter_t-2,6,147,313750.0,34913500.0,1.0,1.0,0.0,1,0.0089864951952683,/home/joschua/桌面/KaHIP/min_balanced_cut_road_networks_osm/result/Paris_France/rt_all_ones_t+0/2025-08-26/ln_more_lanes_lighter_t-2_run1_k6_a1.0_b1.0_g0.0.png,/home/joschua/桌面/KaHIP/min_balanced_cut_road_networks_osm/result/Paris_France/rt_all_ones_t+0/2025-08-26/ln_more_lanes_lighter_t-2_edges_partitions_k6.json,4.305560111999512,lane,all_ones,0,1.0,more_lanes_lighter,-2,0.25
2025-08-26T20:15:29,"Paris, France",3000,rt_all_ones_t+0,ln_more_lanes_lighter_t-2,6,147,313750.0,34913500.0,1.0,1.0,0.0,2,0.0089864951952683,/home/joschua/桌面/KaHIP/min_balanced_cut_road_networks_osm/result/Paris_France/rt_all_ones_t+0/2025-08-26/ln_more_lanes_lighter_t-2_run1_k6_a1.0_b1.0_g0.0.png,/home/joschua/桌面/KaHIP/min_balanced_cut_road_networks_osm/result/Paris_France/rt_all_ones_t+0/2025-08-26/ln_more_lanes_lighter_t-2_edges_partitions_k6.json,4.328295946121216,lane,all_ones,0,1.0,more_lanes_lighter,-2,0.25
2025-08-26T20:15:34,"Paris, France",3000,rt_all_ones_t+0,ln_more_lanes_lighter_t-1,6,144,485000.0,55052000.0,1.0,1.0,0.0,0,0.0088098525030879,/home/joschua/桌面/KaHIP/min_balanced_cut_road_networks_osm/result/Paris_France/rt_all_ones_t+0/2025-08-26/ln_more_lanes_lighter_t-1_run1_k6_a1.0_b1.0_g0.0.png,/home/joschua/桌面/KaHIP/min_balanced_cut_road_networks_osm/result/Paris_France/rt_all_ones_t+0/2025-08-26/ln_more_lanes_lighter_t-1_edges_partitions_k6.json,4.252322196960449,lane,all_ones,0,1.0,more_lanes_lighter,-1,0.5
2025-08-26T20:15:39,"Paris, France",3000,rt_all_ones_t+0,ln_more_lanes_lighter_t-1,6,144,485000.0,55052000.0,1.0,1.0,0.0,1,0.0088098525030879,/home/joschua/桌面/KaHIP/min_balanced_cut_road_networks_osm/result/Paris_France/rt_all_ones_t+0/2025-08-26/ln_more_lanes_lighter_t-1_run1_k6_a1.0_b1.0_g0.0.png,/home/joschua/桌面/KaHIP/min_balanced_cut_road_networks_osm/result/Paris_France/rt_all_ones_t+0/2025-08-26/ln_more_lanes_lighter_t-1_edges_partitions_k6.json,4.263789176940918,lane,all_ones,0,1.0,more_lanes_lighter,-1,0.5
2025-08-26T20:15:44,"Paris, France",3000,rt_all_ones_t+0,ln_more_lanes_lighter_t-1,6,144,485000.0,55052000.0,1.0,1.0,0.0,2,0.0088098525030879,/home/joschua/桌面/KaHIP/min_balanced_cut_road_networks_osm/result/Paris_France/rt_all_ones_t+0/2025-08-26/ln_more_lanes_lighter_t-1_run1_k6_a1.0_b1.0_g0.0.png,/home/joschua/桌面/KaHIP/min_balanced_cut_road_networks_osm/result/Paris_France/rt_all_ones_t+0/2025-08-26/ln_more_lanes_lighter_t-1_edges_partitions_k6.json,4.26046633720398,lane,all_ones,0,1.0,more_lanes_lighter,-1,0.5
2025-08-26T20:15:50,"Paris, France",3000,rt_all_ones_t+0,ln_more_lanes_lighter_t+0,6,136,780000.0,95329000.0,1.0,1.0,0.0,0,0.0081821900995499,/home/joschua/桌面/KaHIP/min_balanced_cut_road_networks_osm/result/Paris_France/rt_all_ones_t+0/2025-08-26/ln_more_lanes_lighter_t+0_run1_k6_a1.0_b1.0_g0.0.png,/home/joschua/桌面/KaHIP/min_balanced_cut_road_networks_osm/result/Paris_France/rt_all_ones_t+0/2025-08-26/ln_more_lanes_lighter_t+0_edges_partitions_k6.json,4.279594898223877,lane,all_ones,0,1.0,more_lanes_lighter,0,1.0
2025-08-26T20:15:55,"Paris, France",3000,rt_all_ones_t+0,ln_more_lanes_lighter_t+0,6,136,780000.0,95329000.0,1.0,1.0,0.0,1,0.0081821900995499,/home/joschua/桌面/KaHIP/min_balanced_cut_road_networks_osm/result/Paris_France/rt_all_ones_t+0/2025-08-26/ln_more_lanes_lighter_t+0_run1_k6_a1.0_b1.0_g0.0.png,/home/joschua/桌面/KaHIP/min_balanced_cut_road_networks_osm/result/Paris_France/rt_all_ones_t+0/2025-08-26/ln_more_lanes_lighter_t+0_edges_partitions_k6.json,4.300005674362183,lane,all_ones,0,1.0,more_lanes_lighter,0,1.0
2025-08-26T20:16:00,"Paris, France",3000,rt_all_ones_t+0,ln_more_lanes_lighter_t+0,6,136,780000.0,95329000.0,1.0,1.0,0.0,2,0.0081821900995499,/home/joschua/桌面/KaHIP/min_balanced_cut_road_networks_osm/result/Paris_France/rt_all_ones_t+0/2025-08-26/ln_more_lanes_lighter_t+0_run1_k6_a1.0_b1.0_g0.0.png,/home/joschua/桌面/KaHIP/min_balanced_cut_road_networks_osm/result/Paris_France/rt_all_ones_t+0/2025-08-26/ln_more_lanes_lighter_t+0_edges_partitions_k6.json,4.273817539215088,lane,all_ones,0,1.0,more_lanes_lighter,0,1.0
2025-08-26T20:16:05,"Paris, France",3000,rt_all_ones_t+0,ln_more_lanes_lighter_t+1,6,150,1305000.0,142668000.0,1.0,1.0,0.0,0,0.0091471107746656,/home/joschua/桌面/KaHIP/min_balanced_cut_road_networks_osm/result/Paris_France/rt_all_ones_t+0/2025-08-26/ln_more_lanes_lighter_t+1_run1_k6_a1.0_b1.0_g0.0.png,/home/joschua/桌面/KaHIP/min_balanced_cut_road_networks_osm/result/Paris_France/rt_all_ones_t+0/2025-08-26/ln_more_lanes_lighter_t+1_edges_partitions_k6.json,4.280580520629883,lane,all_ones,0,1.0,more_lanes_lighter,1,2.0
2025-08-26T20:16:10,"Paris, France",3000,rt_all_ones_t+0,ln_more_lanes_lighter_t+1,6,150,1305000.0,142668000.0,1.0,1.0,0.0,1,0.0091471107746656,/home/joschua/桌面/KaHIP/min_balanced_cut_road_networks_osm/result/Paris_France/rt_all_ones_t+0/2025-08-26/ln_more_lanes_lighter_t+1_run1_k6_a1.0_b1.0_g0.0.png,/home/joschua/桌面/KaHIP/min_balanced_cut_road_networks_osm/result/Paris_France/rt_all_ones_t+0/2025-08-26/ln_more_lanes_lighter_t+1_edges_partitions_k6.json,4.270157337188721,lane,all_ones,0,1.0,more_lanes_lighter,1,2.0
2025-08-26T20:16:16,"Paris, France",3000,rt_all_ones_t+0,ln_more_lanes_lighter_t+1,6,150,1305000.0,142668000.0,1.0,1.0,0.0,2,0.0091471107746656,/home/joschua/桌面/KaHIP/min_balanced_cut_road_networks_osm/result/Paris_France/rt_all_ones_t+0/2025-08-26/ln_more_lanes_lighter_t+1_run1_k6_a1.0_b1.0_g0.0.png,/home/joschua/桌面/KaHIP/min_balanced_cut_road_networks_osm/result/Paris_France/rt_all_ones_t+0/2025-08-26/ln_more_lanes_lighter_t+1_edges_partitions_k6.json,4.242480516433716,lane,all_ones,0,1.0,more_lanes_lighter,1,2.0
2025-08-26T20:16:21,"Paris, France",3000,rt_all_ones_t+0,ln_more_lanes_lighter_t+2,6,147,1439000.0,146309000.0,1.0,1.0,0.0,0,0.0098353484748033,/home/joschua/桌面/KaHIP/min_balanced_cut_road_networks_osm/result/Paris_France/rt_all_ones_t+0/2025-08-26/ln_more_lanes_lighter_t+2_run1_k6_a1.0_b1.0_g0.0.png,/home/joschua/桌面/KaHIP/min_balanced_cut_road_networks_osm/result/Paris_France/rt_all_ones_t+0/2025-08-26/ln_more_lanes_lighter_t+2_edges_partitions_k6.json,4.328215599060059,lane,all_ones,0,1.0,more_lanes_lighter,2,4.0
2025-08-26T20:16:26,"Paris, France",3000,rt_all_ones_t+0,ln_more_lanes_lighter_t+2,6,147,1439000.0,146309000.0,1.0,1.0,0.0,1,0.0098353484748033,/home/joschua/桌面/KaHIP/min_balanced_cut_road_networks_osm/result/Paris_France/rt_all_ones_t+0/2025-08-26/ln_more_lanes_lighter_t+2_run1_k6_a1.0_b1.0_g0.0.png,/home/joschua/桌面/KaHIP/min_balanced_cut_road_networks_osm/result/Paris_France/rt_all_ones_t+0/2025-08-26/ln_more_lanes_lighter_t+2_edges_partitions_k6.json,4.283759117126465,lane,all_ones,0,1.0,more_lanes_lighter,2,4.0
2025-08-26T20:16:31,"Paris, France",3000,rt_all_ones_t+0,ln_more_lanes_lighter_t+2,6,147,1439000.0,146309000.0,1.0,1.0,0.0,2,0.0098353484748033,/home/joschua/桌面/KaHIP/min_balanced_cut_road_networks_osm/result/Paris_France/rt_all_ones_t+0/2025-08-26/ln_more_lanes_lighter_t+2_run1_k6_a1.0_b1.0_g0.0.png,/home/joschua/桌面/KaHIP/min_balanced_cut_road_networks_osm/result/Paris_France/rt_all_ones_t+0/2025-08-26/ln_more_lanes_lighter_t+2_edges_partitions_k6.json,4.237978458404541,lane,all_ones,0,1.0,more_lanes_lighter,2,4.0
2025-08-26T20:16:35,"Karlsruhe, Germany",3000,rt_all_ones_t+0,ln_more_lanes_heavier_t-2,6,68,89500.0,9630250.0,1.0,1.0,0.0,0,0.0092936320448586,/home/joschua/桌面/KaHIP/min_balanced_cut_road_networks_osm/result/Karlsruhe_Germany/rt_all_ones_t+0/2025-08-26/ln_more_lanes_heavier_t-2_run1_k6_a1.0_b1.0_g0.0.png,/home/joschua/桌面/KaHIP/min_balanced_cut_road_networks_osm/result/Karlsruhe_Germany/rt_all_ones_t+0/2025-08-26/ln_more_lanes_heavier_t-2_edges_partitions_k6.json,3.0363035202026367,lane,all_ones,0,1.0,more_lanes_heavier,-2,0.25
2025-08-26T20:16:39,"Karlsruhe, Germany",3000,rt_all_ones_t+0,ln_more_lanes_heavier_t-2,6,68,89500.0,9630250.0,1.0,1.0,0.0,1,0.0092936320448586,/home/joschua/桌面/KaHIP/min_balanced_cut_road_networks_osm/result/Karlsruhe_Germany/rt_all_ones_t+0/2025-08-26/ln_more_lanes_heavier_t-2_run1_k6_a1.0_b1.0_g0.0.png,/home/joschua/桌面/KaHIP/min_balanced_cut_road_networks_osm/result/Karlsruhe_Germany/rt_all_ones_t+0/2025-08-26/ln_more_lanes_heavier_t-2_edges_partitions_k6.json,3.0493626594543457,lane,all_ones,0,1.0,more_lanes_heavier,-2,0.25
2025-08-26T20:16:43,"Karlsruhe, Germany",3000,rt_all_ones_t+0,ln_more_lanes_heavier_t-2,6,68,89500.0,9630250.0,1.0,1.0,0.0,2,0.0092936320448586,/home/joschua/桌面/KaHIP/min_balanced_cut_road_networks_osm/result/Karlsruhe_Germany/rt_all_ones_t+0/2025-08-26/ln_more_lanes_heavier_t-2_run1_k6_a1.0_b1.0_g0.0.png,/home/joschua/桌面/KaHIP/min_balanced_cut_road_networks_osm/result/Karlsruhe_Germany/rt_all_ones_t+0/2025-08-26/ln_more_lanes_heavier_t-2_edges_partitions_k6.json,2.9956696033477783,lane,all_ones,0,1.0,more_lanes_heavier,-2,0.25
2025-08-26T20:16:47,"Karlsruhe, Germany",3000,rt_all_ones_t+0,ln_more_lanes_heavier_t-1,6,69,108000.0,11921500.0,1.0,1.0,0.0,0,0.0090592626766765,/home/joschua/桌面/KaHIP/min_balanced_cut_road_networks_osm/result/Karlsruhe_Germany/rt_all_ones_t+0/2025-08-26/ln_more_lanes_heavier_t-1_run1_k6_a1.0_b1.0_g0.0.png,/home/joschua/桌面/KaHIP/min_balanced_cut_road_networks_osm/result/Karlsruhe_Germany/rt_all_ones_t+0/2025-08-26/ln_more_lanes_heavier_t-1_edges_partitions_k6.json,3.012548446655273,lane,all_ones,0,1.0,more_lanes_heavier,-1,0.5
2025-08-26T20:16:51,"Karlsruhe, Germany",3000,rt_all_ones_t+0,ln_more_lanes_heavier_t-1,6,69,108000.0,11921500.0,1.0,1.0,0.0,1,0.0090592626766765,/home/joschua/桌面/KaHIP/min_balanced_cut_road_networks_osm/result/Karlsruhe_Germany/rt_all_ones_t+0/2025-08-26/ln_more_lanes_heavier_t-1_run1_k6_a1.0_b1.0_g0.0.png,/home/joschua/桌面/KaHIP/min_balanced_cut_road_networks_osm/result/Karlsruhe_Germany/rt_all_ones_t+0/2025-08-26/ln_more_lanes_heavier_t-1_edges_partitions_k6.json,3.059386968612671,lane,all_ones,0,1.0,more_lanes_heavier,-1,0.5
2025-08-26T20:16:55,"Karlsruhe, Germany",3000,rt_all_ones_t+0,ln_more_lanes_heavier_t-1,6,69,108000.0,11921500.0,1.0,1.0,0.0,2,0.0090592626766765,/home/joschua/桌面/KaHIP/min_balanced_cut_road_networks_osm/result/Karlsruhe_Germany/rt_all_ones_t+0/2025-08-26/ln_more_lanes_heavier_t-1_run1_k6_a1.0_b1.0_g0.0.png,/home/joschua/桌面/KaHIP/min_balanced_cut_road_networks_osm/result/Karlsruhe_Germany/rt_all_ones_t+0/2025-08-26/ln_more_lanes_heavier_t-1_edges_partitions_k6.json,3.095556259155273,lane,all_ones,0,1.0,more_lanes_heavier,-1,0.5
2025-08-26T20:16:59,"Karlsruhe, Germany",3000,rt_all_ones_t+0,ln_more_lanes_heavier_t+0,6,67,142000.0,16504000.0,1.0,1.0,0.0,0,0.0086039747939893,/home/joschua/桌面/KaHIP/min_balanced_cut_road_networks_osm/result/Karlsruhe_Germany/rt_all_ones_t+0/2025-08-26/ln_more_lanes_heavier_t+0_run1_k6_a1.0_b1.0_g0.0.png,/home/joschua/桌面/KaHIP/min_balanced_cut_road_networks_osm/result/Karlsruhe_Germany/rt_all_ones_t+0/2025-08-26/ln_more_lanes_heavier_t+0_edges_partitions_k6.json,3.0446763038635254,lane,all_ones,0,1.0,more_lanes_heavier,0,1.0
2025-08-26T20:17:03,"Karlsruhe, Germany",3000,rt_all_ones_t+0,ln_more_lanes_heavier_t+0,6,67,142000.0,16504000.0,1.0,1.0,0.0,1,0.0086039747939893,/home/joschua/桌面/KaHIP/min_balanced_cut_road_networks_osm/result/Karlsruhe_Germany/rt_all_ones_t+0/2025-08-26/ln_more_lanes_heavier_t+0_run1_k6_a1.0_b1.0_g0.0.png,/home/joschua/桌面/KaHIP/min_balanced_cut_road_networks_osm/result/Karlsruhe_Germany/rt_all_ones_t+0/2025-08-26/ln_more_lanes_heavier_t+0_edges_partitions_k6.json,3.0206570625305176,lane,all_ones,0,1.0,more_lanes_heavier,0,1.0
2025-08-26T20:17:07,"Karlsruhe, Germany",3000,rt_all_ones_t+0,ln_more_lanes_heavier_t+0,6,67,142000.0,16504000.0,1.0,1.0,0.0,2,0.0086039747939893,/home/joschua/桌面/KaHIP/min_balanced_cut_road_networks_osm/result/Karlsruhe_Germany/rt_all_ones_t+0/2025-08-26/ln_more_lanes_heavier_t+0_run1_k6_a1.0_b1.0_g0.0.png,/home/joschua/桌面/KaHIP/min_balanced_cut_road_networks_osm/result/Karlsruhe_Germany/rt_all_ones_t+0/2025-08-26/ln_more_lanes_heavier_t+0_edges_partitions_k6.json,3.0247392654418945,lane,all_ones,0,1.0,more_lanes_heavier,0,1.0
2025-08-26T20:17:11,"Karlsruhe, Germany",3000,rt_all_ones_t+0,ln_more_lanes_heavier_t+1,6,73,247000.0,25666000.0,1.0,1.0,0.0,0,0.0096236265877035,/home/joschua/桌面/KaHIP/min_balanced_cut_road_networks_osm/result/Karlsruhe_Germany/rt_all_ones_t+0/2025-08-26/ln_more_lanes_heavier_t+1_run1_k6_a1.0_b1.0_g0.0.png,/home/joschua/桌面/KaHIP/min_balanced_cut_road_networks_osm/result/Karlsruhe_Germany/rt_all_ones_t+0/2025-08-26/ln_more_lanes_heavier_t+1_edges_partitions_k6.json,3.096677780151367,lane,all_ones,0,1.0,more_lanes_heavier,1,2.0
2025-08-26T20:17:15,"Karlsruhe, Germany",3000,rt_all_ones_t+0,ln_more_lanes_heavier_t+1,6,73,247000.0,25666000.0,1.0,1.0,0.0,1,0.0096236265877035,/home/joschua/桌面/KaHIP/min_balanced_cut_road_networks_osm/result/Karlsruhe_Germany/rt_all_ones_t+0/2025-08-26/ln_more_lanes_heavier_t+1_run1_k6_a1.0_b1.0_g0.0.png,/home/joschua/桌面/KaHIP/min_balanced_cut_road_networks_osm/result/Karlsruhe_Germany/rt_all_ones_t+0/2025-08-26/ln_more_lanes_heavier_t+1_edges_partitions_k6.json,3.0926318168640137,lane,all_ones,0,1.0,more_lanes_heavier,1,2.0
2025-08-26T20:17:19,"Karlsruhe, Germany",3000,rt_all_ones_t+0,ln_more_lanes_heavier_t+1,6,73,247000.0,25666000.0,1.0,1.0,0.0,2,0.0096236265877035,/home/joschua/桌面/KaHIP/min_balanced_cut_road_networks_osm/result/Karlsruhe_Germany/rt_all_ones_t+0/2025-08-26/ln_more_lanes_heavier_t+1_run1_k6_a1.0_b1.0_g0.0.png,/home/joschua/桌面/KaHIP/min_balanced_cut_road_networks_osm/result/Karlsruhe_Germany/rt_all_ones_t+0/2025-08-26/ln_more_lanes_heavier_t+1_edges_partitions_k6.json,3.0958056449890137,lane,all_ones,0,1.0,more_lanes_heavier,1,2.0
2025-08-26T20:17:23,"Karlsruhe, Germany",3000,rt_all_ones_t+0,ln_more_lanes_heavier_t+2,6,71,388000.0,42741000.0,1.0,1.0,0.0,0,0.0090779345359256,/home/joschua/桌面/KaHIP/min_balanced_cut_road_networks_osm/result/Karlsruhe_Germany/rt_all_ones_t+0/2025-08-26/ln_more_lanes_heavier_t+2_run1_k6_a1.0_b1.0_g0.0.png,/home/joschua/桌面/KaHIP/min_balanced_cut_road_networks_osm/result/Karlsruhe_Germany/rt_all_ones_t+0/2025-08-26/ln_more_lanes_heavier_t+2_edges_partitions_k6.json,3.073500394821167,lane,all_ones,0,1.0,more_lanes_heavier,2,4.0
2025-08-26T20:17:27,"Karlsruhe, Germany",3000,rt_all_ones_t+0,ln_more_lanes_heavier_t+2,6,71,388000.0,42741000.0,1.0,1.0,0.0,1,0.0090779345359256,/home/joschua/桌面/KaHIP/min_balanced_cut_road_networks_osm/result/Karlsruhe_Germany/rt_all_ones_t+0/2025-08-26/ln_more_lanes_heavier_t+2_run1_k6_a1.0_b1.0_g0.0.png,/home/joschua/桌面/KaHIP/min_balanced_cut_road_networks_osm/result/Karlsruhe_Germany/rt_all_ones_t+0/2025-08-26/ln_more_lanes_heavier_t+2_edges_partitions_k6.json,3.0804758071899414,lane,all_ones,0,1.0,more_lanes_heavier,2,4.0
2025-08-26T20:17:31,"Karlsruhe, Germany",3000,rt_all_ones_t+0,ln_more_lanes_heavier_t+2,6,71,388000.0,42741000.0,1.0,1.0,0.0,2,0.0090779345359256,/home/joschua/桌面/KaHIP/min_balanced_cut_road_networks_osm/result/Karlsruhe_Germany/rt_all_ones_t+0/2025-08-26/ln_more_lanes_heavier_t+2_run1_k6_a1.0_b1.0_g0.0.png,/home/joschua/桌面/KaHIP/min_balanced_cut_road_networks_osm/result/Karlsruhe_Germany/rt_all_ones_t+0/2025-08-26/ln_more_lanes_heavier_t+2_edges_partitions_k6.json,3.088115930557251,lane,all_ones,0,1.0,more_lanes_heavier,2,4.0
2025-08-26T20:17:35,"Karlsruhe, Germany",3000,rt_all_ones_t+0,ln_more_lanes_lighter_t-2,6,65,145250.0,17877000.0,1.0,1.0,0.0,0,0.0081249650388767,/home/joschua/桌面/KaHIP/min_balanced_cut_road_networks_osm/result/Karlsruhe_Germany/rt_all_ones_t+0/2025-08-26/ln_more_lanes_lighter_t-2_run1_k6_a1.0_b1.0_g0.0.png,/home/joschua/桌面/KaHIP/min_balanced_cut_road_networks_osm/result/Karlsruhe_Germany/rt_all_ones_t+0/2025-08-26/ln_more_lanes_lighter_t-2_edges_partitions_k6.json,3.043868064880371,lane,all_ones,0,1.0,more_lanes_lighter,-2,0.25
2025-08-26T20:17:39,"Karlsruhe, Germany",3000,rt_all_ones_t+0,ln_more_lanes_lighter_t-2,6,65,145250.0,17877000.0,1.0,1.0,0.0,1,0.0081249650388767,/home/joschua/桌面/KaHIP/min_balanced_cut_road_networks_osm/result/Karlsruhe_Germany/rt_all_ones_t+0/2025-08-26/ln_more_lanes_lighter_t-2_run1_k6_a1.0_b1.0_g0.0.png,/home/joschua/桌面/KaHIP/min_balanced_cut_road_networks_osm/result/Karlsruhe_Germany/rt_all_ones_t+0/2025-08-26/ln_more_lanes_lighter_t-2_edges_partitions_k6.json,3.0503737926483154,lane,all_ones,0,1.0,more_lanes_lighter,-2,0.25
2025-08-26T20:17:43,"Karlsruhe, Germany",3000,rt_all_ones_t+0,ln_more_lanes_lighter_t-2,6,65,145250.0,17877000.0,1.0,1.0,0.0,2,0.0081249650388767,/home/joschua/桌面/KaHIP/min_balanced_cut_road_networks_osm/result/Karlsruhe_Germany/rt_all_ones_t+0/2025-08-26/ln_more_lanes_lighter_t-2_run1_k6_a1.0_b1.0_g0.0.png,/home/joschua/桌面/KaHIP/min_balanced_cut_road_networks_osm/result/Karlsruhe_Germany/rt_all_ones_t+0/2025-08-26/ln_more_lanes_lighter_t-2_edges_partitions_k6.json,3.019572257995605,lane,all_ones,0,1.0,more_lanes_lighter,-2,0.25
2025-08-26T20:17:47,"Karlsruhe, Germany",3000,rt_all_ones_t+0,ln_more_lanes_lighter_t-1,6,66,229500.0,28415000.0,1.0,1.0,0.0,0,0.0080767200422312,/home/joschua/桌面/KaHIP/min_balanced_cut_road_networks_osm/result/Karlsruhe_Germany/rt_all_ones_t+0/2025-08-26/ln_more_lanes_lighter_t-1_run1_k6_a1.0_b1.0_g0.0.png,/home/joschua/桌面/KaHIP/min_balanced_cut_road_networks_osm/result/Karlsruhe_Germany/rt_all_ones_t+0/2025-08-26/ln_more_lanes_lighter_t-1_edges_partitions_k6.json,3.0182747840881348,lane,all_ones,0,1.0,more_lanes_lighter,-1,0.5
2025-08-26T20:17:50,"Karlsruhe, Germany",3000,rt_all_ones_t+0,ln_more_lanes_lighter_t-1,6,66,229500.0,28415000.0,1.0,1.0,0.0,1,0.0080767200422312,/home/joschua/桌面/KaHIP/min_balanced_cut_road_networks_osm/result/Karlsruhe_Germany/rt_all_ones_t+0/2025-08-26/ln_more_lanes_lighter_t-1_run1_k6_a1.0_b1.0_g0.0.png,/home/joschua/桌面/KaHIP/min_balanced_cut_road_networks_osm/result/Karlsruhe_Germany/rt_all_ones_t+0/2025-08-26/ln_more_lanes_lighter_t-1_edges_partitions_k6.json,3.0115370750427246,lane,all_ones,0,1.0,more_lanes_lighter,-1,0.5
2025-08-26T20:17:54,"Karlsruhe, Germany",3000,rt_all_ones_t+0,ln_more_lanes_lighter_t-1,6,66,229500.0,28415000.0,1.0,1.0,0.0,2,0.0080767200422312,/home/joschua/桌面/KaHIP/min_balanced_cut_road_networks_osm/result/Karlsruhe_Germany/rt_all_ones_t+0/2025-08-26/ln_more_lanes_lighter_t-1_run1_k6_a1.0_b1.0_g0.0.png,/home/joschua/桌面/KaHIP/min_balanced_cut_road_networks_osm/result/Karlsruhe_Germany/rt_all_ones_t+0/2025-08-26/ln_more_lanes_lighter_t-1_edges_partitions_k6.json,3.0134212970733643,lane,all_ones,0,1.0,more_lanes_lighter,-1,0.5
2025-08-26T20:17:58,"Karlsruhe, Germany",3000,rt_all_ones_t+0,ln_more_lanes_lighter_t+0,6,68,391000.0,49491000.0,1.0,1.0,0.0,0,0.0079004263401426,/home/joschua/桌面/KaHIP/min_balanced_cut_road_networks_osm/result/Karlsruhe_Germany/rt_all_ones_t+0/2025-08-26/ln_more_lanes_lighter_t+0_run1_k6_a1.0_b1.0_g0.0.png,/home/joschua/桌面/KaHIP/min_balanced_cut_road_networks_osm/result/Karlsruhe_Germany/rt_all_ones_t+0/2025-08-26/ln_more_lanes_lighter_t+0_edges_partitions_k6.json,3.0480589866638184,lane,all_ones,0,1.0,more_lanes_lighter,0,1.0
2025-08-26T20:18:02,"Karlsruhe, Germany",3000,rt_all_ones_t+0,ln_more_lanes_lighter_t+0,6,68,391000.0,49491000.0,1.0,1.0,0.0,1,0.0079004263401426,/home/joschua/桌面/KaHIP/min_balanced_cut_road_networks_osm/result/Karlsruhe_Germany/rt_all_ones_t+0/2025-08-26/ln_more_lanes_lighter_t+0_run1_k6_a1.0_b1.0_g0.0.png,/home/joschua/桌面/KaHIP/min_balanced_cut_road_networks_osm/result/Karlsruhe_Germany/rt_all_ones_t+0/2025-08-26/ln_more_lanes_lighter_t+0_edges_partitions_k6.json,3.0708932876586914,lane,all_ones,0,1.0,more_lanes_lighter,0,1.0
2025-08-26T20:18:06,"Karlsruhe, Germany",3000,rt_all_ones_t+0,ln_more_lanes_lighter_t+0,6,68,391000.0,49491000.0,1.0,1.0,0.0,2,0.0079004263401426,/home/joschua/桌面/KaHIP/min_balanced_cut_road_networks_osm/result/Karlsruhe_Germany/rt_all_ones_t+0/2025-08-26/ln_more_lanes_lighter_t+0_run1_k6_a1.0_b1.0_g0.0.png,/home/joschua/桌面/KaHIP/min_balanced_cut_road_networks_osm/result/Karlsruhe_Germany/rt_all_ones_t+0/2025-08-26/ln_more_lanes_lighter_t+0_edges_partitions_k6.json,3.0489425659179688,lane,all_ones,0,1.0,more_lanes_lighter,0,1.0
2025-08-26T20:18:10,"Karlsruhe, Germany",3000,rt_all_ones_t+0,ln_more_lanes_lighter_t+1,6,66,630000.0,72858000.0,1.0,1.0,0.0,0,0.0086469570946224,/home/joschua/桌面/KaHIP/min_balanced_cut_road_networks_osm/result/Karlsruhe_Germany/rt_all_ones_t+0/2025-08-26/ln_more_lanes_lighter_t+1_run1_k6_a1.0_b1.0_g0.0.png,/home/joschua/桌面/KaHIP/min_balanced_cut_road_networks_osm/result/Karlsruhe_Germany/rt_all_ones_t+0/2025-08-26/ln_more_lanes_lighter_t+1_edges_partitions_k6.json,3.036803722381592,lane,all_ones,0,1.0,more_lanes_lighter,1,2.0
2025-08-26T20:18:14,"Karlsruhe, Germany",3000,rt_all_ones_t+0,ln_more_lanes_lighter_t+1,6,66,630000.0,72858000.0,1.0,1.0,0.0,1,0.0086469570946224,/home/joschua/桌面/KaHIP/min_balanced_cut_road_networks_osm/result/Karlsruhe_Germany/rt_all_ones_t+0/2025-08-26/ln_more_lanes_lighter_t+1_run1_k6_a1.0_b1.0_g0.0.png,/home/joschua/桌面/KaHIP/min_balanced_cut_road_networks_osm/result/Karlsruhe_Germany/rt_all_ones_t+0/2025-08-26/ln_more_lanes_lighter_t+1_edges_partitions_k6.json,3.0192019939422607,lane,all_ones,0,1.0,more_lanes_lighter,1,2.0
2025-08-26T20:18:18,"Karlsruhe, Germany",3000,rt_all_ones_t+0,ln_more_lanes_lighter_t+1,6,66,630000.0,72858000.0,1.0,1.0,0.0,2,0.0086469570946224,/home/joschua/桌面/KaHIP/min_balanced_cut_road_networks_osm/result/Karlsruhe_Germany/rt_all_ones_t+0/2025-08-26/ln_more_lanes_lighter_t+1_run1_k6_a1.0_b1.0_g0.0.png,/home/joschua/桌面/KaHIP/min_balanced_cut_road_networks_osm/result/Karlsruhe_Germany/rt_all_ones_t+0/2025-08-26/ln_more_lanes_lighter_t+1_edges_partitions_k6.json,3.0225350856781006,lane,all_ones,0,1.0,more_lanes_lighter,1,2.0
2025-08-26T20:18:22,"Karlsruhe, Germany",3000,rt_all_ones_t+0,ln_more_lanes_lighter_t+2,6,68,679000.0,73315000.0,1.0,1.0,0.0,0,0.009261406260656,/home/joschua/桌面/KaHIP/min_balanced_cut_road_networks_osm/result/Karlsruhe_Germany/rt_all_ones_t+0/2025-08-26/ln_more_lanes_lighter_t+2_run1_k6_a1.0_b1.0_g0.0.png,/home/joschua/桌面/KaHIP/min_balanced_cut_road_networks_osm/result/Karlsruhe_Germany/rt_all_ones_t+0/2025-08-26/ln_more_lanes_lighter_t+2_edges_partitions_k6.json,2.987316846847534,lane,all_ones,0,1.0,more_lanes_lighter,2,4.0
2025-08-26T20:18:26,"Karlsruhe, Germany",3000,rt_all_ones_t+0,ln_more_lanes_lighter_t+2,6,68,679000.0,73315000.0,1.0,1.0,0.0,1,0.009261406260656,/home/joschua/桌面/KaHIP/min_balanced_cut_road_networks_osm/result/Karlsruhe_Germany/rt_all_ones_t+0/2025-08-26/ln_more_lanes_lighter_t+2_run1_k6_a1.0_b1.0_g0.0.png,/home/joschua/桌面/KaHIP/min_balanced_cut_road_networks_osm/result/Karlsruhe_Germany/rt_all_ones_t+0/2025-08-26/ln_more_lanes_lighter_t+2_edges_partitions_k6.json,2.987503290176392,lane,all_ones,0,1.0,more_lanes_lighter,2,4.0
2025-08-26T20:18:30,"Karlsruhe, Germany",3000,rt_all_ones_t+0,ln_more_lanes_lighter_t+2,6,68,679000.0,73315000.0,1.0,1.0,0.0,2,0.009261406260656,/home/joschua/桌面/KaHIP/min_balanced_cut_road_networks_osm/result/Karlsruhe_Germany/rt_all_ones_t+0/2025-08-26/ln_more_lanes_lighter_t+2_run1_k6_a1.0_b1.0_g0.0.png,/home/joschua/桌面/KaHIP/min_balanced_cut_road_networks_osm/result/Karlsruhe_Germany/rt_all_ones_t+0/2025-08-26/ln_more_lanes_lighter_t+2_edges_partitions_k6.json,2.999477863311768,lane,all_ones,0,1.0,more_lanes_lighter,2,4.0
2025-08-26T20:18:41,"Berlin, Germany",3000,rt_all_ones_t+0,ln_more_lanes_heavier_t-2,6,142,195500.0,56155750.0,1.0,1.0,0.0,0,0.0034813888159271,/home/joschua/桌面/KaHIP/min_balanced_cut_road_networks_osm/result/Berlin_Germany/rt_all_ones_t+0/2025-08-26/ln_more_lanes_heavier_t-2_run1_k6_a1.0_b1.0_g0.0.png,/home/joschua/桌面/KaHIP/min_balanced_cut_road_networks_osm/result/Berlin_Germany/rt_all_ones_t+0/2025-08-26/ln_more_lanes_heavier_t-2_edges_partitions_k6.json,10.163212537765505,lane,all_ones,0,1.0,more_lanes_heavier,-2,0.25
2025-08-26T20:18:52,"Berlin, Germany",3000,rt_all_ones_t+0,ln_more_lanes_heavier_t-2,6,142,195500.0,56155750.0,1.0,1.0,0.0,1,0.0034813888159271,/home/joschua/桌面/KaHIP/min_balanced_cut_road_networks_osm/result/Berlin_Germany/rt_all_ones_t+0/2025-08-26/ln_more_lanes_heavier_t-2_run1_k6_a1.0_b1.0_g0.0.png,/home/joschua/桌面/KaHIP/min_balanced_cut_road_networks_osm/result/Berlin_Germany/rt_all_ones_t+0/2025-08-26/ln_more_lanes_heavier_t-2_edges_partitions_k6.json,10.148594856262209,lane,all_ones,0,1.0,more_lanes_heavier,-2,0.25
2025-08-26T20:19:03,"Berlin, Germany",3000,rt_all_ones_t+0,ln_more_lanes_heavier_t-2,6,142,195500.0,56155750.0,1.0,1.0,0.0,2,0.0034813888159271,/home/joschua/桌面/KaHIP/min_balanced_cut_road_networks_osm/result/Berlin_Germany/rt_all_ones_t+0/2025-08-26/ln_more_lanes_heavier_t-2_run1_k6_a1.0_b1.0_g0.0.png,/home/joschua/桌面/KaHIP/min_balanced_cut_road_networks_osm/result/Berlin_Germany/rt_all_ones_t+0/2025-08-26/ln_more_lanes_heavier_t-2_edges_partitions_k6.json,10.198835134506226,lane,all_ones,0,1.0,more_lanes_heavier,-2,0.25
2025-08-26T20:19:15,"Berlin, Germany",3000,rt_all_ones_t+0,ln_more_lanes_heavier_t-1,6,157,261000.0,70191500.0,1.0,1.0,0.0,0,0.0037183989514399,/home/joschua/桌面/KaHIP/min_balanced_cut_road_networks_osm/result/Berlin_Germany/rt_all_ones_t+0/2025-08-26/ln_more_lanes_heavier_t-1_run1_k6_a1.0_b1.0_g0.0.png,/home/joschua/桌面/KaHIP/min_balanced_cut_road_networks_osm/result/Berlin_Germany/rt_all_ones_t+0/2025-08-26/ln_more_lanes_heavier_t-1_edges_partitions_k6.json,10.210612773895264,lane,all_ones,0,1.0,more_lanes_heavier,-1,0.5
2025-08-26T20:19:26,"Berlin, Germany",3000,rt_all_ones_t+0,ln_more_lanes_heavier_t-1,6,157,261000.0,70191500.0,1.0,1.0,0.0,1,0.0037183989514399,/home/joschua/桌面/KaHIP/min_balanced_cut_road_networks_osm/result/Berlin_Germany/rt_all_ones_t+0/2025-08-26/ln_more_lanes_heavier_t-1_run1_k6_a1.0_b1.0_g0.0.png,/home/joschua/桌面/KaHIP/min_balanced_cut_road_networks_osm/result/Berlin_Germany/rt_all_ones_t+0/2025-08-26/ln_more_lanes_heavier_t-1_edges_partitions_k6.json,10.13105821609497,lane,all_ones,0,1.0,more_lanes_heavier,-1,0.5
2025-08-26T20:19:37,"Berlin, Germany",3000,rt_all_ones_t+0,ln_more_lanes_heavier_t-1,6,157,261000.0,70191500.0,1.0,1.0,0.0,2,0.0037183989514399,/home/joschua/桌面/KaHIP/min_balanced_cut_road_networks_osm/result/Berlin_Germany/rt_all_ones_t+0/2025-08-26/ln_more_lanes_heavier_t-1_run1_k6_a1.0_b1.0_g0.0.png,/home/joschua/桌面/KaHIP/min_balanced_cut_road_networks_osm/result/Berlin_Germany/rt_all_ones_t+0/2025-08-26/ln_more_lanes_heavier_t-1_edges_partitions_k6.json,10.286943197250366,lane,all_ones,0,1.0,more_lanes_heavier,-1,0.5
2025-08-26T20:19:49,"Berlin, Germany",3000,rt_all_ones_t+0,ln_more_lanes_heavier_t+0,6,167,375000.0,98263000.0,1.0,1.0,0.0,0,0.0038162889388681,/home/joschua/桌面/KaHIP/min_balanced_cut_road_networks_osm/result/Berlin_Germany/rt_all_ones_t+0/2025-08-26/ln_more_lanes_heavier_t+0_run1_k6_a1.0_b1.0_g0.0.png,/home/joschua/桌面/KaHIP/min_balanced_cut_road_networks_osm/result/Berlin_Germany/rt_all_ones_t+0/2025-08-26/ln_more_lanes_heavier_t+0_edges_partitions_k6.json,10.132400512695312,lane,all_ones,0,1.0,more_lanes_heavier,0,1.0
2025-08-26T20:20:00,"Berlin, Germany",3000,rt_all_ones_t+0,ln_more_lanes_heavier_t+0,6,167,375000.0,98263000.0,1.0,1.0,0.0,1,0.0038162889388681,/home/joschua/桌面/KaHIP/min_balanced_cut_road_networks_osm/result/Berlin_Germany/rt_all_ones_t+0/2025-08-26/ln_more_lanes_heavier_t+0_run1_k6_a1.0_b1.0_g0.0.png,/home/joschua/桌面/KaHIP/min_balanced_cut_road_networks_osm/result/Berlin_Germany/rt_all_ones_t+0/2025-08-26/ln_more_lanes_heavier_t+0_edges_partitions_k6.json,10.151960611343384,lane,all_ones,0,1.0,more_lanes_heavier,0,1.0
2025-08-26T20:20:11,"Berlin, Germany",3000,rt_all_ones_t+0,ln_more_lanes_heavier_t+0,6,167,375000.0,98263000.0,1.0,1.0,0.0,2,0.0038162889388681,/home/joschua/桌面/KaHIP/min_balanced_cut_road_networks_osm/result/Berlin_Germany/rt_all_ones_t+0/2025-08-26/ln_more_lanes_heavier_t+0_run1_k6_a1.0_b1.0_g0.0.png,/home/joschua/桌面/KaHIP/min_balanced_cut_road_networks_osm/result/Berlin_Germany/rt_all_ones_t+0/2025-08-26/ln_more_lanes_heavier_t+0_edges_partitions_k6.json,10.2150297164917,lane,all_ones,0,1.0,more_lanes_heavier,0,1.0
2025-08-26T20:20:23,"Berlin, Germany",3000,rt_all_ones_t+0,ln_more_lanes_heavier_t+1,6,171,582000.0,154286000.0,1.0,1.0,0.0,0,0.0037722152366384,/home/joschua/桌面/KaHIP/min_balanced_cut_road_networks_osm/result/Berlin_Germany/rt_all_ones_t+0/2025-08-26/ln_more_lanes_heavier_t+1_run1_k6_a1.0_b1.0_g0.0.png,/home/joschua/桌面/KaHIP/min_balanced_cut_road_networks_osm/result/Berlin_Germany/rt_all_ones_t+0/2025-08-26/ln_more_lanes_heavier_t+1_edges_partitions_k6.json,10.220464944839478,lane,all_ones,0,1.0,more_lanes_heavier,1,2.0
2025-08-26T20:20:34,"Berlin, Germany",3000,rt_all_ones_t+0,ln_more_lanes_heavier_t+1,6,171,582000.0,154286000.0,1.0,1.0,0.0,1,0.0037722152366384,/home/joschua/桌面/KaHIP/min_balanced_cut_road_networks_osm/result/Berlin_Germany/rt_all_ones_t+0/2025-08-26/ln_more_lanes_heavier_t+1_run1_k6_a1.0_b1.0_g0.0.png,/home/joschua/桌面/KaHIP/min_balanced_cut_road_networks_osm/result/Berlin_Germany/rt_all_ones_t+0/2025-08-26/ln_more_lanes_heavier_t+1_edges_partitions_k6.json,10.142922401428224,lane,all_ones,0,1.0,more_lanes_heavier,1,2.0
2025-08-26T20:20:45,"Berlin, Germany",3000,rt_all_ones_t+0,ln_more_lanes_heavier_t+1,6,171,582000.0,154286000.0,1.0,1.0,0.0,2,0.0037722152366384,/home/joschua/桌面/KaHIP/min_balanced_cut_road_networks_osm/result/Berlin_Germany/rt_all_ones_t+0/2025-08-26/ln_more_lanes_heavier_t+1_run1_k6_a1.0_b1.0_g0.0.png,/home/joschua/桌面/KaHIP/min_balanced_cut_road_networks_osm/result/Berlin_Germany/rt_all_ones_t+0/2025-08-26/ln_more_lanes_heavier_t+1_edges_partitions_k6.json,10.433788061141968,lane,all_ones,0,1.0,more_lanes_heavier,1,2.0
2025-08-26T20:20:57,"Berlin, Germany",3000,rt_all_ones_t+0,ln_more_lanes_heavier_t+2,6,149,924000.0,256458000.0,1.0,1.0,0.0,0,0.0036029291345951,/home/joschua/桌面/KaHIP/min_balanced_cut_road_networks_osm/result/Berlin_Germany/rt_all_ones_t+0/2025-08-26/ln_more_lanes_heavier_t+2_run1_k6_a1.0_b1.0_g0.0.png,/home/joschua/桌面/KaHIP/min_balanced_cut_road_networks_osm/result/Berlin_Germany/rt_all_ones_t+0/2025-08-26/ln_more_lanes_heavier_t+2_edges_partitions_k6.json,10.132715463638306,lane,all_ones,0,1.0,more_lanes_heavier,2,4.0
2025-08-26T20:21:08,"Berlin, Germany",3000,rt_all_ones_t+0,ln_more_lanes_heavier_t+2,6,149,924000.0,256458000.0,1.0,1.0,0.0,1,0.0036029291345951,/home/joschua/桌面/KaHIP/min_balanced_cut_road_networks_osm/result/Berlin_Germany/rt_all_ones_t+0/2025-08-26/ln_more_lanes_heavier_t+2_run1_k6_a1.0_b1.0_g0.0.png,/home/joschua/桌面/KaHIP/min_balanced_cut_road_networks_osm/result/Berlin_Germany/rt_all_ones_t+0/2025-08-26/ln_more_lanes_heavier_t+2_edges_partitions_k6.json,10.23726773262024,lane,all_ones,0,1.0,more_lanes_heavier,2,4.0
2025-08-26T20:21:19,"Berlin, Germany",3000,rt_all_ones_t+0,ln_more_lanes_heavier_t+2,6,149,924000.0,256458000.0,1.0,1.0,0.0,2,0.0036029291345951,/home/joschua/桌面/KaHIP/min_balanced_cut_road_networks_osm/result/Berlin_Germany/rt_all_ones_t+0/2025-08-26/ln_more_lanes_heavier_t+2_run1_k6_a1.0_b1.0_g0.0.png,/home/joschua/桌面/KaHIP/min_balanced_cut_road_networks_osm/result/Berlin_Germany/rt_all_ones_t+0/2025-08-26/ln_more_lanes_heavier_t+2_edges_partitions_k6.json,10.139973878860474,lane,all_ones,0,1.0,more_lanes_heavier,2,4.0
2025-08-26T20:21:31,"Berlin, Germany",3000,rt_all_ones_t+0,ln_more_lanes_lighter_t-2,6,144,307000.0,101776750.0,1.0,1.0,0.0,0,0.0030164060062833,/home/joschua/桌面/KaHIP/min_balanced_cut_road_networks_osm/result/Berlin_Germany/rt_all_ones_t+0/2025-08-26/ln_more_lanes_lighter_t-2_run1_k6_a1.0_b1.0_g0.0.png,/home/joschua/桌面/KaHIP/min_balanced_cut_road_networks_osm/result/Berlin_Germany/rt_all_ones_t+0/2025-08-26/ln_more_lanes_lighter_t-2_edges_partitions_k6.json,10.204797506332396,lane,all_ones,0,1.0,more_lanes_lighter,-2,0.25
2025-08-26T20:21:42,"Berlin, Germany",3000,rt_all_ones_t+0,ln_more_lanes_lighter_t-2,6,144,307000.0,101776750.0,1.0,1.0,0.0,1,0.0030164060062833,/home/joschua/桌面/KaHIP/min_balanced_cut_road_networks_osm/result/Berlin_Germany/rt_all_ones_t+0/2025-08-26/ln_more_lanes_lighter_t-2_run1_k6_a1.0_b1.0_g0.0.png,/home/joschua/桌面/KaHIP/min_balanced_cut_road_networks_osm/result/Berlin_Germany/rt_all_ones_t+0/2025-08-26/ln_more_lanes_lighter_t-2_edges_partitions_k6.json,10.194331884384155,lane,all_ones,0,1.0,more_lanes_lighter,-2,0.25
2025-08-26T20:21:53,"Berlin, Germany",3000,rt_all_ones_t+0,ln_more_lanes_lighter_t-2,6,144,307000.0,101776750.0,1.0,1.0,0.0,2,0.0030164060062833,/home/joschua/桌面/KaHIP/min_balanced_cut_road_networks_osm/result/Berlin_Germany/rt_all_ones_t+0/2025-08-26/ln_more_lanes_lighter_t-2_run1_k6_a1.0_b1.0_g0.0.png,/home/joschua/桌面/KaHIP/min_balanced_cut_road_networks_osm/result/Berlin_Germany/rt_all_ones_t+0/2025-08-26/ln_more_lanes_lighter_t-2_edges_partitions_k6.json,10.238719463348389,lane,all_ones,0,1.0,more_lanes_lighter,-2,0.25
2025-08-26T20:22:05,"Berlin, Germany",3000,rt_all_ones_t+0,ln_more_lanes_lighter_t-1,6,157,526000.0,161433500.0,1.0,1.0,0.0,0,0.0032583076003431,/home/joschua/桌面/KaHIP/min_balanced_cut_road_networks_osm/result/Berlin_Germany/rt_all_ones_t+0/2025-08-26/ln_more_lanes_lighter_t-1_run1_k6_a1.0_b1.0_g0.0.png,/home/joschua/桌面/KaHIP/min_balanced_cut_road_networks_osm/result/Berlin_Germany/rt_all_ones_t+0/2025-08-26/ln_more_lanes_lighter_t-1_edges_partitions_k6.json,10.168619394302368,lane,all_ones,0,1.0,more_lanes_lighter,-1,0.5
2025-08-26T20:22:16,"Berlin, Germany",3000,rt_all_ones_t+0,ln_more_lanes_lighter_t-1,6,157,526000.0,161433500.0,1.0,1.0,0.0,1,0.0032583076003431,/home/joschua/桌面/KaHIP/min_balanced_cut_road_networks_osm/result/Berlin_Germany/rt_all_ones_t+0/2025-08-26/ln_more_lanes_lighter_t-1_run1_k6_a1.0_b1.0_g0.0.png,/home/joschua/桌面/KaHIP/min_balanced_cut_road_networks_osm/result/Berlin_Germany/rt_all_ones_t+0/2025-08-26/ln_more_lanes_lighter_t-1_edges_partitions_k6.json,10.1834876537323,lane,all_ones,0,1.0,more_lanes_lighter,-1,0.5
2025-08-26T20:22:27,"Berlin, Germany",3000,rt_all_ones_t+0,ln_more_lanes_lighter_t-1,6,157,526000.0,161433500.0,1.0,1.0,0.0,2,0.0032583076003431,/home/joschua/桌面/KaHIP/min_balanced_cut_road_networks_osm/result/Berlin_Germany/rt_all_ones_t+0/2025-08-26/ln_more_lanes_lighter_t-1_run1_k6_a1.0_b1.0_g0.0.png,/home/joschua/桌面/KaHIP/min_balanced_cut_road_networks_osm/result/Berlin_Germany/rt_all_ones_t+0/2025-08-26/ln_more_lanes_lighter_t-1_edges_partitions_k6.json,10.09687352180481,lane,all_ones,0,1.0,more_lanes_lighter,-1,0.5
2025-08-26T20:22:39,"Berlin, Germany",3000,rt_all_ones_t+0,ln_more_lanes_lighter_t+0,6,182,1005000.0,280747000.0,1.0,1.0,0.0,0,0.0035797354913854,/home/joschua/桌面/KaHIP/min_balanced_cut_road_networks_osm/result/Berlin_Germany/rt_all_ones_t+0/2025-08-26/ln_more_lanes_lighter_t+0_run1_k6_a1.0_b1.0_g0.0.png,/home/joschua/桌面/KaHIP/min_balanced_cut_road_networks_osm/result/Berlin_Germany/rt_all_ones_t+0/2025-08-26/ln_more_lanes_lighter_t+0_edges_partitions_k6.json,10.18738055229187,lane,all_ones,0,1.0,more_lanes_lighter,0,1.0
2025-08-26T20:22:50,"Berlin, Germany",3000,rt_all_ones_t+0,ln_more_lanes_lighter_t+0,6,182,1005000.0,280747000.0,1.0,1.0,0.0,1,0.0035797354913854,/home/joschua/桌面/KaHIP/min_balanced_cut_road_networks_osm/result/Berlin_Germany/rt_all_ones_t+0/2025-08-26/ln_more_lanes_lighter_t+0_run1_k6_a1.0_b1.0_g0.0.png,/home/joschua/桌面/KaHIP/min_balanced_cut_road_networks_osm/result/Berlin_Germany/rt_all_ones_t+0/2025-08-26/ln_more_lanes_lighter_t+0_edges_partitions_k6.json,10.227892637252808,lane,all_ones,0,1.0,more_lanes_lighter,0,1.0
2025-08-26T20:23:01,"Berlin, Germany",3000,rt_all_ones_t+0,ln_more_lanes_lighter_t+0,6,182,1005000.0,280747000.0,1.0,1.0,0.0,2,0.0035797354913854,/home/joschua/桌面/KaHIP/min_balanced_cut_road_networks_osm/result/Berlin_Germany/rt_all_ones_t+0/2025-08-26/ln_more_lanes_lighter_t+0_run1_k6_a1.0_b1.0_g0.0.png,/home/joschua/桌面/KaHIP/min_balanced_cut_road_networks_osm/result/Berlin_Germany/rt_all_ones_t+0/2025-08-26/ln_more_lanes_lighter_t+0_edges_partitions_k6.json,10.296281576156616,lane,all_ones,0,1.0,more_lanes_lighter,0,1.0
2025-08-26T20:23:13,"Berlin, Germany",3000,rt_all_ones_t+0,ln_more_lanes_lighter_t+1,6,169,1590000.0,417154000.0,1.0,1.0,0.0,0,0.0038115420204528,/home/joschua/桌面/KaHIP/min_balanced_cut_road_networks_osm/result/Berlin_Germany/rt_all_ones_t+0/2025-08-26/ln_more_lanes_lighter_t+1_run1_k6_a1.0_b1.0_g0.0.png,/home/joschua/桌面/KaHIP/min_balanced_cut_road_networks_osm/result/Berlin_Germany/rt_all_ones_t+0/2025-08-26/ln_more_lanes_lighter_t+1_edges_partitions_k6.json,10.172940969467165,lane,all_ones,0,1.0,more_lanes_lighter,1,2.0
2025-08-26T20:23:24,"Berlin, Germany",3000,rt_all_ones_t+0,ln_more_lanes_lighter_t+1,6,169,1590000.0,417154000.0,1.0,1.0,0.0,1,0.0038115420204528,/home/joschua/桌面/KaHIP/min_balanced_cut_road_networks_osm/result/Berlin_Germany/rt_all_ones_t+0/2025-08-26/ln_more_lanes_lighter_t+1_run1_k6_a1.0_b1.0_g0.0.png,/home/joschua/桌面/KaHIP/min_balanced_cut_road_networks_osm/result/Berlin_Germany/rt_all_ones_t+0/2025-08-26/ln_more_lanes_lighter_t+1_edges_partitions_k6.json,10.229463815689089,lane,all_ones,0,1.0,more_lanes_lighter,1,2.0
2025-08-26T20:23:35,"Berlin, Germany",3000,rt_all_ones_t+0,ln_more_lanes_lighter_t+1,6,169,1590000.0,417154000.0,1.0,1.0,0.0,2,0.0038115420204528,/home/joschua/桌面/KaHIP/min_balanced_cut_road_networks_osm/result/Berlin_Germany/rt_all_ones_t+0/2025-08-26/ln_more_lanes_lighter_t+1_run1_k6_a1.0_b1.0_g0.0.png,/home/joschua/桌面/KaHIP/min_balanced_cut_road_networks_osm/result/Berlin_Germany/rt_all_ones_t+0/2025-08-26/ln_more_lanes_lighter_t+1_edges_partitions_k6.json,10.1049485206604,lane,all_ones,0,1.0,more_lanes_lighter,1,2.0
2025-08-26T20:23:47,"Berlin, Germany",3000,rt_all_ones_t+0,ln_more_lanes_lighter_t+2,6,142,1399000.0,420962000.0,1.0,1.0,0.0,0,0.0033233403490101,/home/joschua/桌面/KaHIP/min_balanced_cut_road_networks_osm/result/Berlin_Germany/rt_all_ones_t+0/2025-08-26/ln_more_lanes_lighter_t+2_run1_k6_a1.0_b1.0_g0.0.png,/home/joschua/桌面/KaHIP/min_balanced_cut_road_networks_osm/result/Berlin_Germany/rt_all_ones_t+0/2025-08-26/ln_more_lanes_lighter_t+2_edges_partitions_k6.json,10.155431985855104,lane,all_ones,0,1.0,more_lanes_lighter,2,4.0
2025-08-26T20:23:58,"Berlin, Germany",3000,rt_all_ones_t+0,ln_more_lanes_lighter_t+2,6,142,1399000.0,420962000.0,1.0,1.0,0.0,1,0.0033233403490101,/home/joschua/桌面/KaHIP/min_balanced_cut_road_networks_osm/result/Berlin_Germany/rt_all_ones_t+0/2025-08-26/ln_more_lanes_lighter_t+2_run1_k6_a1.0_b1.0_g0.0.png,/home/joschua/桌面/KaHIP/min_balanced_cut_road_networks_osm/result/Berlin_Germany/rt_all_ones_t+0/2025-08-26/ln_more_lanes_lighter_t+2_edges_partitions_k6.json,10.148865222930908,lane,all_ones,0,1.0,more_lanes_lighter,2,4.0
2025-08-26T20:24:09,"Berlin, Germany",3000,rt_all_ones_t+0,ln_more_lanes_lighter_t+2,6,142,1399000.0,420962000.0,1.0,1.0,0.0,2,0.0033233403490101,/home/joschua/桌面/KaHIP/min_balanced_cut_road_networks_osm/result/Berlin_Germany/rt_all_ones_t+0/2025-08-26/ln_more_lanes_lighter_t+2_run1_k6_a1.0_b1.0_g0.0.png,/home/joschua/桌面/KaHIP/min_balanced_cut_road_networks_osm/result/Berlin_Germany/rt_all_ones_t+0/2025-08-26/ln_more_lanes_lighter_t+2_edges_partitions_k6.json,10.093078374862673,lane,all_ones,0,1.0,more_lanes_lighter,2,4.0
2025-08-26T20:24:26,"Los Angeles, USA",3000,rt_all_ones_t+0,ln_more_lanes_heavier_t-2,6,183,258000.0,99138250.0,1.0,1.0,0.0,0,0.0026024264095845,/home/joschua/桌面/KaHIP/min_balanced_cut_road_networks_osm/result/Los_Angeles_USA/rt_all_ones_t+0/2025-08-26/ln_more_lanes_heavier_t-2_run1_k6_a1.0_b1.0_g0.0.png,/home/joschua/桌面/KaHIP/min_balanced_cut_road_networks_osm/result/Los_Angeles_USA/rt_all_ones_t+0/2025-08-26/ln_more_lanes_heavier_t-2_edges_partitions_k6.json,15.867947816848757,lane,all_ones,0,1.0,more_lanes_heavier,-2,0.25
2025-08-26T20:24:43,"Los Angeles, USA",3000,rt_all_ones_t+0,ln_more_lanes_heavier_t-2,6,183,258000.0,99138250.0,1.0,1.0,0.0,1,0.0026024264095845,/home/joschua/桌面/KaHIP/min_balanced_cut_road_networks_osm/result/Los_Angeles_USA/rt_all_ones_t+0/2025-08-26/ln_more_lanes_heavier_t-2_run1_k6_a1.0_b1.0_g0.0.png,/home/joschua/桌面/KaHIP/min_balanced_cut_road_networks_osm/result/Los_Angeles_USA/rt_all_ones_t+0/2025-08-26/ln_more_lanes_heavier_t-2_edges_partitions_k6.json,15.85707187652588,lane,all_ones,0,1.0,more_lanes_heavier,-2,0.25
2025-08-26T20:25:01,"Los Angeles, USA",3000,rt_all_ones_t+0,ln_more_lanes_heavier_t-2,6,183,258000.0,99138250.0,1.0,1.0,0.0,2,0.0026024264095845,/home/joschua/桌面/KaHIP/min_balanced_cut_road_networks_osm/result/Los_Angeles_USA/rt_all_ones_t+0/2025-08-26/ln_more_lanes_heavier_t-2_run1_k6_a1.0_b1.0_g0.0.png,/home/joschua/桌面/KaHIP/min_balanced_cut_road_networks_osm/result/Los_Angeles_USA/rt_all_ones_t+0/2025-08-26/ln_more_lanes_heavier_t-2_edges_partitions_k6.json,16.032557249069214,lane,all_ones,0,1.0,more_lanes_heavier,-2,0.25
2025-08-26T20:25:18,"Los Angeles, USA",3000,rt_all_ones_t+0,ln_more_lanes_heavier_t-1,6,193,329000.0,125822500.0,1.0,1.0,0.0,0,0.0026147946511951,/home/joschua/桌面/KaHIP/min_balanced_cut_road_networks_osm/result/Los_Angeles_USA/rt_all_ones_t+0/2025-08-26/ln_more_lanes_heavier_t-1_run1_k6_a1.0_b1.0_g0.0.png,/home/joschua/桌面/KaHIP/min_balanced_cut_road_networks_osm/result/Los_Angeles_USA/rt_all_ones_t+0/2025-08-26/ln_more_lanes_heavier_t-1_edges_partitions_k6.json,16.046326398849487,lane,all_ones,0,1.0,more_lanes_heavier,-1,0.5
2025-08-26T20:25:35,"Los Angeles, USA",3000,rt_all_ones_t+0,ln_more_lanes_heavier_t-1,6,193,329000.0,125822500.0,1.0,1.0,0.0,1,0.0026147946511951,/home/joschua/桌面/KaHIP/min_balanced_cut_road_networks_osm/result/Los_Angeles_USA/rt_all_ones_t+0/2025-08-26/ln_more_lanes_heavier_t-1_run1_k6_a1.0_b1.0_g0.0.png,/home/joschua/桌面/KaHIP/min_balanced_cut_road_networks_osm/result/Los_Angeles_USA/rt_all_ones_t+0/2025-08-26/ln_more_lanes_heavier_t-1_edges_partitions_k6.json,15.909964084625244,lane,all_ones,0,1.0,more_lanes_heavier,-1,0.5
2025-08-26T20:25:53,"Los Angeles, USA",3000,rt_all_ones_t+0,ln_more_lanes_heavier_t-1,6,193,329000.0,125822500.0,1.0,1.0,0.0,2,0.0026147946511951,/home/joschua/桌面/KaHIP/min_balanced_cut_road_networks_osm/result/Los_Angeles_USA/rt_all_ones_t+0/2025-08-26/ln_more_lanes_heavier_t-1_run1_k6_a1.0_b1.0_g0.0.png,/home/joschua/桌面/KaHIP/min_balanced_cut_road_networks_osm/result/Los_Angeles_USA/rt_all_ones_t+0/2025-08-26/ln_more_lanes_heavier_t-1_edges_partitions_k6.json,15.82472562789917,lane,all_ones,0,1.0,more_lanes_heavier,-1,0.5
2025-08-26T20:26:10,"Los Angeles, USA",3000,rt_all_ones_t+0,ln_more_lanes_heavier_t+0,6,217,502000.0,179191000.0,1.0,1.0,0.0,0,0.0028014799850438,/home/joschua/桌面/KaHIP/min_balanced_cut_road_networks_osm/result/Los_Angeles_USA/rt_all_ones_t+0/2025-08-26/ln_more_lanes_heavier_t+0_run1_k6_a1.0_b1.0_g0.0.png,/home/joschua/桌面/KaHIP/min_balanced_cut_road_networks_osm/result/Los_Angeles_USA/rt_all_ones_t+0/2025-08-26/ln_more_lanes_heavier_t+0_edges_partitions_k6.json,15.957626819610596,lane,all_ones,0,1.0,more_lanes_heavier,0,1.0
2025-08-26T20:26:27,"Los Angeles, USA",3000,rt_all_ones_t+0,ln_more_lanes_heavier_t+0,6,217,502000.0,179191000.0,1.0,1.0,0.0,1,0.0028014799850438,/home/joschua/桌面/KaHIP/min_balanced_cut_road_networks_osm/result/Los_Angeles_USA/rt_all_ones_t+0/2025-08-26/ln_more_lanes_heavier_t+0_run1_k6_a1.0_b1.0_g0.0.png,/home/joschua/桌面/KaHIP/min_balanced_cut_road_networks_osm/result/Los_Angeles_USA/rt_all_ones_t+0/2025-08-26/ln_more_lanes_heavier_t+0_edges_partitions_k6.json,15.805994749069214,lane,all_ones,0,1.0,more_lanes_heavier,0,1.0
2025-08-26T20:26:44,"Los Angeles, USA",3000,rt_all_ones_t+0,ln_more_lanes_heavier_t+0,6,217,502000.0,179191000.0,1.0,1.0,0.0,2,0.0028014799850438,/home/joschua/桌面/KaHIP/min_balanced_cut_road_networks_osm/result/Los_Angeles_USA/rt_all_ones_t+0/2025-08-26/ln_more_lanes_heavier_t+0_run1_k6_a1.0_b1.0_g0.0.png,/home/joschua/桌面/KaHIP/min_balanced_cut_road_networks_osm/result/Los_Angeles_USA/rt_all_ones_t+0/2025-08-26/ln_more_lanes_heavier_t+0_edges_partitions_k6.json,15.846781015396118,lane,all_ones,0,1.0,more_lanes_heavier,0,1.0
2025-08-26T20:27:02,"Los Angeles, USA",3000,rt_all_ones_t+0,ln_more_lanes_heavier_t+1,6,236,779000.0,283025000.0,1.0,1.0,0.0,0,0.0027524070311809,/home/joschua/桌面/KaHIP/min_balanced_cut_road_networks_osm/result/Los_Angeles_USA/rt_all_ones_t+0/2025-08-26/ln_more_lanes_heavier_t+1_run1_k6_a1.0_b1.0_g0.0.png,/home/joschua/桌面/KaHIP/min_balanced_cut_road_networks_osm/result/Los_Angeles_USA/rt_all_ones_t+0/2025-08-26/ln_more_lanes_heavier_t+1_edges_partitions_k6.json,15.861401796340942,lane,all_ones,0,1.0,more_lanes_heavier,1,2.0
2025-08-26T20:27:19,"Los Angeles, USA",3000,rt_all_ones_t+0,ln_more_lanes_heavier_t+1,6,236,779000.0,283025000.0,1.0,1.0,0.0,1,0.0027524070311809,/home/joschua/桌面/KaHIP/min_balanced_cut_road_networks_osm/result/Los_Angeles_USA/rt_all_ones_t+0/2025-08-26/ln_more_lanes_heavier_t+1_run1_k6_a1.0_b1.0_g0.0.png,/home/joschua/桌面/KaHIP/min_balanced_cut_road_networks_osm/result/Los_Angeles_USA/rt_all_ones_t+0/2025-08-26/ln_more_lanes_heavier_t+1_edges_partitions_k6.json,15.957638502120972,lane,all_ones,0,1.0,more_lanes_heavier,1,2.0
2025-08-26T20:27:36,"Los Angeles, USA",3000,rt_all_ones_t+0,ln_more_lanes_heavier_t+1,6,236,779000.0,283025000.0,1.0,1.0,0.0,2,0.0027524070311809,/home/joschua/桌面/KaHIP/min_balanced_cut_road_networks_osm/result/Los_Angeles_USA/rt_all_ones_t+0/2025-08-26/ln_more_lanes_heavier_t+1_run1_k6_a1.0_b1.0_g0.0.png,/home/joschua/桌面/KaHIP/min_balanced_cut_road_networks_osm/result/Los_Angeles_USA/rt_all_ones_t+0/2025-08-26/ln_more_lanes_heavier_t+1_edges_partitions_k6.json,15.884902954101562,lane,all_ones,0,1.0,more_lanes_heavier,1,2.0
2025-08-26T20:27:53,"Los Angeles, USA",3000,rt_all_ones_t+0,ln_more_lanes_heavier_t+2,6,241,1330000.0,449753000.0,1.0,1.0,0.0,0,0.0029571787180963,/home/joschua/桌面/KaHIP/min_balanced_cut_road_networks_osm/result/Los_Angeles_USA/rt_all_ones_t+0/2025-08-26/ln_more_lanes_heavier_t+2_run1_k6_a1.0_b1.0_g0.0.png,/home/joschua/桌面/KaHIP/min_balanced_cut_road_networks_osm/result/Los_Angeles_USA/rt_all_ones_t+0/2025-08-26/ln_more_lanes_heavier_t+2_edges_partitions_k6.json,15.853599548339844,lane,all_ones,0,1.0,more_lanes_heavier,2,4.0
2025-08-26T20:28:11,"Los Angeles, USA",3000,rt_all_ones_t+0,ln_more_lanes_heavier_t+2,6,241,1330000.0,449753000.0,1.0,1.0,0.0,1,0.0029571787180963,/home/joschua/桌面/KaHIP/min_balanced_cut_road_networks_osm/result/Los_Angeles_USA/rt_all_ones_t+0/2025-08-26/ln_more_lanes_heavier_t+2_run1_k6_a1.0_b1.0_g0.0.png,/home/joschua/桌面/KaHIP/min_balanced_cut_road_networks_osm/result/Los_Angeles_USA/rt_all_ones_t+0/2025-08-26/ln_more_lanes_heavier_t+2_edges_partitions_k6.json,15.983752250671388,lane,all_ones,0,1.0,more_lanes_heavier,2,4.0
2025-08-26T20:28:28,"Los Angeles, USA",3000,rt_all_ones_t+0,ln_more_lanes_heavier_t+2,6,241,1330000.0,449753000.0,1.0,1.0,0.0,2,0.0029571787180963,/home/joschua/桌面/KaHIP/min_balanced_cut_road_networks_osm/result/Los_Angeles_USA/rt_all_ones_t+0/2025-08-26/ln_more_lanes_heavier_t+2_run1_k6_a1.0_b1.0_g0.0.png,/home/joschua/桌面/KaHIP/min_balanced_cut_road_networks_osm/result/Los_Angeles_USA/rt_all_ones_t+0/2025-08-26/ln_more_lanes_heavier_t+2_edges_partitions_k6.json,15.937470197677612,lane,all_ones,0,1.0,more_lanes_heavier,2,4.0
2025-08-26T20:28:45,"Los Angeles, USA",3000,rt_all_ones_t+0,ln_more_lanes_lighter_t-2,6,181,365000.0,171171250.0,1.0,1.0,0.0,0,0.0021323674390413,/home/joschua/桌面/KaHIP/min_balanced_cut_road_networks_osm/result/Los_Angeles_USA/rt_all_ones_t+0/2025-08-26/ln_more_lanes_lighter_t-2_run1_k6_a1.0_b1.0_g0.0.png,/home/joschua/桌面/KaHIP/min_balanced_cut_road_networks_osm/result/Los_Angeles_USA/rt_all_ones_t+0/2025-08-26/ln_more_lanes_lighter_t-2_edges_partitions_k6.json,15.992769718170166,lane,all_ones,0,1.0,more_lanes_lighter,-2,0.25
2025-08-26T20:29:03,"Los Angeles, USA",3000,rt_all_ones_t+0,ln_more_lanes_lighter_t-2,6,181,365000.0,171171250.0,1.0,1.0,0.0,1,0.0021323674390413,/home/joschua/桌面/KaHIP/min_balanced_cut_road_networks_osm/result/Los_Angeles_USA/rt_all_ones_t+0/2025-08-26/ln_more_lanes_lighter_t-2_run1_k6_a1.0_b1.0_g0.0.png,/home/joschua/桌面/KaHIP/min_balanced_cut_road_networks_osm/result/Los_Angeles_USA/rt_all_ones_t+0/2025-08-26/ln_more_lanes_lighter_t-2_edges_partitions_k6.json,15.996495008468628,lane,all_ones,0,1.0,more_lanes_lighter,-2,0.25
2025-08-26T20:29:20,"Los Angeles, USA",3000,rt_all_ones_t+0,ln_more_lanes_lighter_t-2,6,181,365000.0,171171250.0,1.0,1.0,0.0,2,0.0021323674390413,/home/joschua/桌面/KaHIP/min_balanced_cut_road_networks_osm/result/Los_Angeles_USA/rt_all_ones_t+0/2025-08-26/ln_more_lanes_lighter_t-2_run1_k6_a1.0_b1.0_g0.0.png,/home/joschua/桌面/KaHIP/min_balanced_cut_road_networks_osm/result/Los_Angeles_USA/rt_all_ones_t+0/2025-08-26/ln_more_lanes_lighter_t-2_edges_partitions_k6.json,16.077815055847168,lane,all_ones,0,1.0,more_lanes_lighter,-2,0.25
2025-08-26T20:29:38,"Los Angeles, USA",3000,rt_all_ones_t+0,ln_more_lanes_lighter_t-1,6,187,556500.0,269888500.0,1.0,1.0,0.0,0,0.0020619626253063,/home/joschua/桌面/KaHIP/min_balanced_cut_road_networks_osm/result/Los_Angeles_USA/rt_all_ones_t+0/2025-08-26/ln_more_lanes_lighter_t-1_run1_k6_a1.0_b1.0_g0.0.png,/home/joschua/桌面/KaHIP/min_balanced_cut_road_networks_osm/result/Los_Angeles_USA/rt_all_ones_t+0/2025-08-26/ln_more_lanes_lighter_t-1_edges_partitions_k6.json,16.525469064712524,lane,all_ones,0,1.0,more_lanes_lighter,-1,0.5
2025-08-26T20:29:56,"Los Angeles, USA",3000,rt_all_ones_t+0,ln_more_lanes_lighter_t-1,6,187,556500.0,269888500.0,1.0,1.0,0.0,1,0.0020619626253063,/home/joschua/桌面/KaHIP/min_balanced_cut_road_networks_osm/result/Los_Angeles_USA/rt_all_ones_t+0/2025-08-26/ln_more_lanes_lighter_t-1_run1_k6_a1.0_b1.0_g0.0.png,/home/joschua/桌面/KaHIP/min_balanced_cut_road_networks_osm/result/Los_Angeles_USA/rt_all_ones_t+0/2025-08-26/ln_more_lanes_lighter_t-1_edges_partitions_k6.json,16.29836392402649,lane,all_ones,0,1.0,more_lanes_lighter,-1,0.5
2025-08-26T20:30:14,"Los Angeles, USA",3000,rt_all_ones_t+0,ln_more_lanes_lighter_t-1,6,187,556500.0,269888500.0,1.0,1.0,0.0,2,0.0020619626253063,/home/joschua/桌面/KaHIP/min_balanced_cut_road_networks_osm/result/Los_Angeles_USA/rt_all_ones_t+0/2025-08-26/ln_more_lanes_lighter_t-1_run1_k6_a1.0_b1.0_g0.0.png,/home/joschua/桌面/KaHIP/min_balanced_cut_road_networks_osm/result/Los_Angeles_USA/rt_all_ones_t+0/2025-08-26/ln_more_lanes_lighter_t-1_edges_partitions_k6.json,16.739946126937866,lane,all_ones,0,1.0,more_lanes_lighter,-1,0.5
2025-08-26T20:30:32,"Los Angeles, USA",3000,rt_all_ones_t+0,ln_more_lanes_lighter_t+0,6,203,1007000.0,467323000.0,1.0,1.0,0.0,0,0.0021548265332543,/home/joschua/桌面/KaHIP/min_balanced_cut_road_networks_osm/result/Los_Angeles_USA/rt_all_ones_t+0/2025-08-26/ln_more_lanes_lighter_t+0_run1_k6_a1.0_b1.0_g0.0.png,/home/joschua/桌面/KaHIP/min_balanced_cut_road_networks_osm/result/Los_Angeles_USA/rt_all_ones_t+0/2025-08-26/ln_more_lanes_lighter_t+0_edges_partitions_k6.json,16.460005283355713,lane,all_ones,0,1.0,more_lanes_lighter,0,1.0
2025-08-26T20:30:50,"Los Angeles, USA",3000,rt_all_ones_t+0,ln_more_lanes_lighter_t+0,6,203,1007000.0,467323000.0,1.0,1.0,0.0,1,0.0021548265332543,/home/joschua/桌面/KaHIP/min_balanced_cut_road_networks_osm/result/Los_Angeles_USA/rt_all_ones_t+0/2025-08-26/ln_more_lanes_lighter_t+0_run1_k6_a1.0_b1.0_g0.0.png,/home/joschua/桌面/KaHIP/min_balanced_cut_road_networks_osm/result/Los_Angeles_USA/rt_all_ones_t+0/2025-08-26/ln_more_lanes_lighter_t+0_edges_partitions_k6.json,16.451232194900513,lane,all_ones,0,1.0,more_lanes_lighter,0,1.0
2025-08-26T20:31:08,"Los Angeles, USA",3000,rt_all_ones_t+0,ln_more_lanes_lighter_t+0,6,203,1007000.0,467323000.0,1.0,1.0,0.0,2,0.0021548265332543,/home/joschua/桌面/KaHIP/min_balanced_cut_road_networks_osm/result/Los_Angeles_USA/rt_all_ones_t+0/2025-08-26/ln_more_lanes_lighter_t+0_run1_k6_a1.0_b1.0_g0.0.png,/home/joschua/桌面/KaHIP/min_balanced_cut_road_networks_osm/result/Los_Angeles_USA/rt_all_ones_t+0/2025-08-26/ln_more_lanes_lighter_t+0_edges_partitions_k6.json,16.75321388244629,lane,all_ones,0,1.0,more_lanes_lighter,0,1.0
2025-08-26T20:31:26,"Los Angeles, USA",3000,rt_all_ones_t+0,ln_more_lanes_lighter_t+1,6,178,1375000.0,695899000.0,1.0,1.0,0.0,0,0.0019758614396629,/home/joschua/桌面/KaHIP/min_balanced_cut_road_networks_osm/result/Los_Angeles_USA/rt_all_ones_t+0/2025-08-26/ln_more_lanes_lighter_t+1_run1_k6_a1.0_b1.0_g0.0.png,/home/joschua/桌面/KaHIP/min_balanced_cut_road_networks_osm/result/Los_Angeles_USA/rt_all_ones_t+0/2025-08-26/ln_more_lanes_lighter_t+1_edges_partitions_k6.json,16.581893920898438,lane,all_ones,0,1.0,more_lanes_lighter,1,2.0
2025-08-26T20:31:44,"Los Angeles, USA",3000,rt_all_ones_t+0,ln_more_lanes_lighter_t+1,6,178,1375000.0,695899000.0,1.0,1.0,0.0,1,0.0019758614396629,/home/joschua/桌面/KaHIP/min_balanced_cut_road_networks_osm/result/Los_Angeles_USA/rt_all_ones_t+0/2025-08-26/ln_more_lanes_lighter_t+1_run1_k6_a1.0_b1.0_g0.0.png,/home/joschua/桌面/KaHIP/min_balanced_cut_road_networks_osm/result/Los_Angeles_USA/rt_all_ones_t+0/2025-08-26/ln_more_lanes_lighter_t+1_edges_partitions_k6.json,16.511492013931274,lane,all_ones,0,1.0,more_lanes_lighter,1,2.0
2025-08-26T20:32:02,"Los Angeles, USA",3000,rt_all_ones_t+0,ln_more_lanes_lighter_t+1,6,178,1375000.0,695899000.0,1.0,1.0,0.0,2,0.0019758614396629,/home/joschua/桌面/KaHIP/min_balanced_cut_road_networks_osm/result/Los_Angeles_USA/rt_all_ones_t+0/2025-08-26/ln_more_lanes_lighter_t+1_run1_k6_a1.0_b1.0_g0.0.png,/home/joschua/桌面/KaHIP/min_balanced_cut_road_networks_osm/result/Los_Angeles_USA/rt_all_ones_t+0/2025-08-26/ln_more_lanes_lighter_t+1_edges_partitions_k6.json,16.293110132217407,lane,all_ones,0,1.0,more_lanes_lighter,1,2.0
2025-08-26T20:32:20,"Los Angeles, USA",3000,rt_all_ones_t+0,ln_more_lanes_lighter_t+2,6,174,1581000.0,713495000.0,1.0,1.0,0.0,0,0.0022158529492147,/home/joschua/桌面/KaHIP/min_balanced_cut_road_networks_osm/result/Los_Angeles_USA/rt_all_ones_t+0/2025-08-26/ln_more_lanes_lighter_t+2_run1_k6_a1.0_b1.0_g0.0.png,/home/joschua/桌面/KaHIP/min_balanced_cut_road_networks_osm/result/Los_Angeles_USA/rt_all_ones_t+0/2025-08-26/ln_more_lanes_lighter_t+2_edges_partitions_k6.json,16.469385862350464,lane,all_ones,0,1.0,more_lanes_lighter,2,4.0
2025-08-26T20:32:39,"Los Angeles, USA",3000,rt_all_ones_t+0,ln_more_lanes_lighter_t+2,6,174,1581000.0,713495000.0,1.0,1.0,0.0,1,0.0022158529492147,/home/joschua/桌面/KaHIP/min_balanced_cut_road_networks_osm/result/Los_Angeles_USA/rt_all_ones_t+0/2025-08-26/ln_more_lanes_lighter_t+2_run1_k6_a1.0_b1.0_g0.0.png,/home/joschua/桌面/KaHIP/min_balanced_cut_road_networks_osm/result/Los_Angeles_USA/rt_all_ones_t+0/2025-08-26/ln_more_lanes_lighter_t+2_edges_partitions_k6.json,17.175501823425293,lane,all_ones,0,1.0,more_lanes_lighter,2,4.0
2025-08-26T20:32:57,"Los Angeles, USA",3000,rt_all_ones_t+0,ln_more_lanes_lighter_t+2,6,174,1581000.0,713495000.0,1.0,1.0,0.0,2,0.0022158529492147,/home/joschua/桌面/KaHIP/min_balanced_cut_road_networks_osm/result/Los_Angeles_USA/rt_all_ones_t+0/2025-08-26/ln_more_lanes_lighter_t+2_run1_k6_a1.0_b1.0_g0.0.png,/home/joschua/桌面/KaHIP/min_balanced_cut_road_networks_osm/result/Los_Angeles_USA/rt_all_ones_t+0/2025-08-26/ln_more_lanes_lighter_t+2_edges_partitions_k6.json,16.727628231048584,lane,all_ones,0,1.0,more_lanes_lighter,2,4.0
2025-08-26T20:33:05,"Vienna, Austria",3000,rt_all_ones_t+0,ln_more_lanes_heavier_t-2,6,148,198500.0,31597750.0,1.0,1.0,0.0,0,0.0062820928705366,/home/joschua/桌面/KaHIP/min_balanced_cut_road_networks_osm/result/Vienna_Austria/rt_all_ones_t+0/2025-08-26/ln_more_lanes_heavier_t-2_run1_k6_a1.0_b1.0_g0.0.png,/home/joschua/桌面/KaHIP/min_balanced_cut_road_networks_osm/result/Vienna_Austria/rt_all_ones_t+0/2025-08-26/ln_more_lanes_heavier_t-2_edges_partitions_k6.json,6.426475524902344,lane,all_ones,0,1.0,more_lanes_heavier,-2,0.25
2025-08-26T20:33:12,"Vienna, Austria",3000,rt_all_ones_t+0,ln_more_lanes_heavier_t-2,6,148,198500.0,31597750.0,1.0,1.0,0.0,1,0.0062820928705366,/home/joschua/桌面/KaHIP/min_balanced_cut_road_networks_osm/result/Vienna_Austria/rt_all_ones_t+0/2025-08-26/ln_more_lanes_heavier_t-2_run1_k6_a1.0_b1.0_g0.0.png,/home/joschua/桌面/KaHIP/min_balanced_cut_road_networks_osm/result/Vienna_Austria/rt_all_ones_t+0/2025-08-26/ln_more_lanes_heavier_t-2_edges_partitions_k6.json,6.355854272842407,lane,all_ones,0,1.0,more_lanes_heavier,-2,0.25
2025-08-26T20:33:19,"Vienna, Austria",3000,rt_all_ones_t+0,ln_more_lanes_heavier_t-2,6,148,198500.0,31597750.0,1.0,1.0,0.0,2,0.0062820928705366,/home/joschua/桌面/KaHIP/min_balanced_cut_road_networks_osm/result/Vienna_Austria/rt_all_ones_t+0/2025-08-26/ln_more_lanes_heavier_t-2_run1_k6_a1.0_b1.0_g0.0.png,/home/joschua/桌面/KaHIP/min_balanced_cut_road_networks_osm/result/Vienna_Austria/rt_all_ones_t+0/2025-08-26/ln_more_lanes_heavier_t-2_edges_partitions_k6.json,6.306366443634033,lane,all_ones,0,1.0,more_lanes_heavier,-2,0.25
2025-08-26T20:33:27,"Vienna, Austria",3000,rt_all_ones_t+0,ln_more_lanes_heavier_t-1,6,137,231500.0,39221500.0,1.0,1.0,0.0,0,0.0059023749729102,/home/joschua/桌面/KaHIP/min_balanced_cut_road_networks_osm/result/Vienna_Austria/rt_all_ones_t+0/2025-08-26/ln_more_lanes_heavier_t-1_run1_k6_a1.0_b1.0_g0.0.png,/home/joschua/桌面/KaHIP/min_balanced_cut_road_networks_osm/result/Vienna_Austria/rt_all_ones_t+0/2025-08-26/ln_more_lanes_heavier_t-1_edges_partitions_k6.json,6.423209428787232,lane,all_ones,0,1.0,more_lanes_heavier,-1,0.5
2025-08-26T20:33:34,"Vienna, Austria",3000,rt_all_ones_t+0,ln_more_lanes_heavier_t-1,6,137,231500.0,39221500.0,1.0,1.0,0.0,1,0.0059023749729102,/home/joschua/桌面/KaHIP/min_balanced_cut_road_networks_osm/result/Vienna_Austria/rt_all_ones_t+0/2025-08-26/ln_more_lanes_heavier_t-1_run1_k6_a1.0_b1.0_g0.0.png,/home/joschua/桌面/KaHIP/min_balanced_cut_road_networks_osm/result/Vienna_Austria/rt_all_ones_t+0/2025-08-26/ln_more_lanes_heavier_t-1_edges_partitions_k6.json,6.218326568603516,lane,all_ones,0,1.0,more_lanes_heavier,-1,0.5
2025-08-26T20:33:41,"Vienna, Austria",3000,rt_all_ones_t+0,ln_more_lanes_heavier_t-1,6,137,231500.0,39221500.0,1.0,1.0,0.0,2,0.0059023749729102,/home/joschua/桌面/KaHIP/min_balanced_cut_road_networks_osm/result/Vienna_Austria/rt_all_ones_t+0/2025-08-26/ln_more_lanes_heavier_t-1_run1_k6_a1.0_b1.0_g0.0.png,/home/joschua/桌面/KaHIP/min_balanced_cut_road_networks_osm/result/Vienna_Austria/rt_all_ones_t+0/2025-08-26/ln_more_lanes_heavier_t-1_edges_partitions_k6.json,6.373256206512451,lane,all_ones,0,1.0,more_lanes_heavier,-1,0.5
2025-08-26T20:33:49,"Vienna, Austria",3000,rt_all_ones_t+0,ln_more_lanes_heavier_t+0,6,143,316000.0,54469000.0,1.0,1.0,0.0,0,0.0058014650535166,/home/joschua/桌面/KaHIP/min_balanced_cut_road_networks_osm/result/Vienna_Austria/rt_all_ones_t+0/2025-08-26/ln_more_lanes_heavier_t+0_run1_k6_a1.0_b1.0_g0.0.png,/home/joschua/桌面/KaHIP/min_balanced_cut_road_networks_osm/result/Vienna_Austria/rt_all_ones_t+0/2025-08-26/ln_more_lanes_heavier_t+0_edges_partitions_k6.json,6.383837938308716,lane,all_ones,0,1.0,more_lanes_heavier,0,1.0
2025-08-26T20:33:56,"Vienna, Austria",3000,rt_all_ones_t+0,ln_more_lanes_heavier_t+0,6,143,316000.0,54469000.0,1.0,1.0,0.0,1,0.0058014650535166,/home/joschua/桌面/KaHIP/min_balanced_cut_road_networks_osm/result/Vienna_Austria/rt_all_ones_t+0/2025-08-26/ln_more_lanes_heavier_t+0_run1_k6_a1.0_b1.0_g0.0.png,/home/joschua/桌面/KaHIP/min_balanced_cut_road_networks_osm/result/Vienna_Austria/rt_all_ones_t+0/2025-08-26/ln_more_lanes_heavier_t+0_edges_partitions_k6.json,6.38604998588562,lane,all_ones,0,1.0,more_lanes_heavier,0,1.0
2025-08-26T20:34:04,"Vienna, Austria",3000,rt_all_ones_t+0,ln_more_lanes_heavier_t+0,6,143,316000.0,54469000.0,1.0,1.0,0.0,2,0.0058014650535166,/home/joschua/桌面/KaHIP/min_balanced_cut_road_networks_osm/result/Vienna_Austria/rt_all_ones_t+0/2025-08-26/ln_more_lanes_heavier_t+0_run1_k6_a1.0_b1.0_g0.0.png,/home/joschua/桌面/KaHIP/min_balanced_cut_road_networks_osm/result/Vienna_Austria/rt_all_ones_t+0/2025-08-26/ln_more_lanes_heavier_t+0_edges_partitions_k6.json,6.628828048706055,lane,all_ones,0,1.0,more_lanes_heavier,0,1.0
2025-08-26T20:34:12,"Vienna, Austria",3000,rt_all_ones_t+0,ln_more_lanes_heavier_t+1,6,131,469000.0,84868000.0,1.0,1.0,0.0,0,0.0055262289673375,/home/joschua/桌面/KaHIP/min_balanced_cut_road_networks_osm/result/Vienna_Austria/rt_all_ones_t+0/2025-08-26/ln_more_lanes_heavier_t+1_run1_k6_a1.0_b1.0_g0.0.png,/home/joschua/桌面/KaHIP/min_balanced_cut_road_networks_osm/result/Vienna_Austria/rt_all_ones_t+0/2025-08-26/ln_more_lanes_heavier_t+1_edges_partitions_k6.json,6.382211685180664,lane,all_ones,0,1.0,more_lanes_heavier,1,2.0
2025-08-26T20:34:19,"Vienna, Austria",3000,rt_all_ones_t+0,ln_more_lanes_heavier_t+1,6,131,469000.0,84868000.0,1.0,1.0,0.0,1,0.0055262289673375,/home/joschua/桌面/KaHIP/min_balanced_cut_road_networks_osm/result/Vienna_Austria/rt_all_ones_t+0/2025-08-26/ln_more_lanes_heavier_t+1_run1_k6_a1.0_b1.0_g0.0.png,/home/joschua/桌面/KaHIP/min_balanced_cut_road_networks_osm/result/Vienna_Austria/rt_all_ones_t+0/2025-08-26/ln_more_lanes_heavier_t+1_edges_partitions_k6.json,6.353570938110352,lane,all_ones,0,1.0,more_lanes_heavier,1,2.0
2025-08-26T20:34:26,"Vienna, Austria",3000,rt_all_ones_t+0,ln_more_lanes_heavier_t+1,6,131,469000.0,84868000.0,1.0,1.0,0.0,2,0.0055262289673375,/home/joschua/桌面/KaHIP/min_balanced_cut_road_networks_osm/result/Vienna_Austria/rt_all_ones_t+0/2025-08-26/ln_more_lanes_heavier_t+1_run1_k6_a1.0_b1.0_g0.0.png,/home/joschua/桌面/KaHIP/min_balanced_cut_road_networks_osm/result/Vienna_Austria/rt_all_ones_t+0/2025-08-26/ln_more_lanes_heavier_t+1_edges_partitions_k6.json,6.28649115562439,lane,all_ones,0,1.0,more_lanes_heavier,1,2.0
2025-08-26T20:34:34,"Vienna, Austria",3000,rt_all_ones_t+0,ln_more_lanes_heavier_t+2,6,164,961000.0,140384000.0,1.0,1.0,0.0,0,0.0068455094597674,/home/joschua/桌面/KaHIP/min_balanced_cut_road_networks_osm/result/Vienna_Austria/rt_all_ones_t+0/2025-08-26/ln_more_lanes_heavier_t+2_run1_k6_a1.0_b1.0_g0.0.png,/home/joschua/桌面/KaHIP/min_balanced_cut_road_networks_osm/result/Vienna_Austria/rt_all_ones_t+0/2025-08-26/ln_more_lanes_heavier_t+2_edges_partitions_k6.json,6.397403240203857,lane,all_ones,0,1.0,more_lanes_heavier,2,4.0
2025-08-26T20:34:41,"Vienna, Austria",3000,rt_all_ones_t+0,ln_more_lanes_heavier_t+2,6,164,961000.0,140384000.0,1.0,1.0,0.0,1,0.0068455094597674,/home/joschua/桌面/KaHIP/min_balanced_cut_road_networks_osm/result/Vienna_Austria/rt_all_ones_t+0/2025-08-26/ln_more_lanes_heavier_t+2_run1_k6_a1.0_b1.0_g0.0.png,/home/joschua/桌面/KaHIP/min_balanced_cut_road_networks_osm/result/Vienna_Austria/rt_all_ones_t+0/2025-08-26/ln_more_lanes_heavier_t+2_edges_partitions_k6.json,6.356853723526001,lane,all_ones,0,1.0,more_lanes_heavier,2,4.0
2025-08-26T20:34:48,"Vienna, Austria",3000,rt_all_ones_t+0,ln_more_lanes_heavier_t+2,6,164,961000.0,140384000.0,1.0,1.0,0.0,2,0.0068455094597674,/home/joschua/桌面/KaHIP/min_balanced_cut_road_networks_osm/result/Vienna_Austria/rt_all_ones_t+0/2025-08-26/ln_more_lanes_heavier_t+2_run1_k6_a1.0_b1.0_g0.0.png,/home/joschua/桌面/KaHIP/min_balanced_cut_road_networks_osm/result/Vienna_Austria/rt_all_ones_t+0/2025-08-26/ln_more_lanes_heavier_t+2_edges_partitions_k6.json,6.272395610809326,lane,all_ones,0,1.0,more_lanes_heavier,2,4.0
2025-08-26T20:34:56,"Vienna, Austria",3000,rt_all_ones_t+0,ln_more_lanes_lighter_t-2,6,139,309500.0,58301250.0,1.0,1.0,0.0,0,0.0053086340344332,/home/joschua/桌面/KaHIP/min_balanced_cut_road_networks_osm/result/Vienna_Austria/rt_all_ones_t+0/2025-08-26/ln_more_lanes_lighter_t-2_run1_k6_a1.0_b1.0_g0.0.png,/home/joschua/桌面/KaHIP/min_balanced_cut_road_networks_osm/result/Vienna_Austria/rt_all_ones_t+0/2025-08-26/ln_more_lanes_lighter_t-2_edges_partitions_k6.json,6.396507978439331,lane,all_ones,0,1.0,more_lanes_lighter,-2,0.25
2025-08-26T20:35:03,"Vienna, Austria",3000,rt_all_ones_t+0,ln_more_lanes_lighter_t-2,6,139,309500.0,58301250.0,1.0,1.0,0.0,1,0.0053086340344332,/home/joschua/桌面/KaHIP/min_balanced_cut_road_networks_osm/result/Vienna_Austria/rt_all_ones_t+0/2025-08-26/ln_more_lanes_lighter_t-2_run1_k6_a1.0_b1.0_g0.0.png,/home/joschua/桌面/KaHIP/min_balanced_cut_road_networks_osm/result/Vienna_Austria/rt_all_ones_t+0/2025-08-26/ln_more_lanes_lighter_t-2_edges_partitions_k6.json,6.344683647155762,lane,all_ones,0,1.0,more_lanes_lighter,-2,0.25
2025-08-26T20:35:10,"Vienna, Austria",3000,rt_all_ones_t+0,ln_more_lanes_lighter_t-2,6,139,309500.0,58301250.0,1.0,1.0,0.0,2,0.0053086340344332,/home/joschua/桌面/KaHIP/min_balanced_cut_road_networks_osm/result/Vienna_Austria/rt_all_ones_t+0/2025-08-26/ln_more_lanes_lighter_t-2_run1_k6_a1.0_b1.0_g0.0.png,/home/joschua/桌面/KaHIP/min_balanced_cut_road_networks_osm/result/Vienna_Austria/rt_all_ones_t+0/2025-08-26/ln_more_lanes_lighter_t-2_edges_partitions_k6.json,6.366594314575195,lane,all_ones,0,1.0,more_lanes_lighter,-2,0.25
2025-08-26T20:35:18,"Vienna, Austria",3000,rt_all_ones_t+0,ln_more_lanes_lighter_t-1,6,135,465500.0,92628500.0,1.0,1.0,0.0,0,0.0050254511300517,/home/joschua/桌面/KaHIP/min_balanced_cut_road_networks_osm/result/Vienna_Austria/rt_all_ones_t+0/2025-08-26/ln_more_lanes_lighter_t-1_run1_k6_a1.0_b1.0_g0.0.png,/home/joschua/桌面/KaHIP/min_balanced_cut_road_networks_osm/result/Vienna_Austria/rt_all_ones_t+0/2025-08-26/ln_more_lanes_lighter_t-1_edges_partitions_k6.json,6.228453636169434,lane,all_ones,0,1.0,more_lanes_lighter,-1,0.5
2025-08-26T20:35:25,"Vienna, Austria",3000,rt_all_ones_t+0,ln_more_lanes_lighter_t-1,6,135,465500.0,92628500.0,1.0,1.0,0.0,1,0.0050254511300517,/home/joschua/桌面/KaHIP/min_balanced_cut_road_networks_osm/result/Vienna_Austria/rt_all_ones_t+0/2025-08-26/ln_more_lanes_lighter_t-1_run1_k6_a1.0_b1.0_g0.0.png,/home/joschua/桌面/KaHIP/min_balanced_cut_road_networks_osm/result/Vienna_Austria/rt_all_ones_t+0/2025-08-26/ln_more_lanes_lighter_t-1_edges_partitions_k6.json,6.32758641242981,lane,all_ones,0,1.0,more_lanes_lighter,-1,0.5
2025-08-26T20:35:32,"Vienna, Austria",3000,rt_all_ones_t+0,ln_more_lanes_lighter_t-1,6,135,465500.0,92628500.0,1.0,1.0,0.0,2,0.0050254511300517,/home/joschua/桌面/KaHIP/min_balanced_cut_road_networks_osm/result/Vienna_Austria/rt_all_ones_t+0/2025-08-26/ln_more_lanes_lighter_t-1_run1_k6_a1.0_b1.0_g0.0.png,/home/joschua/桌面/KaHIP/min_balanced_cut_road_networks_osm/result/Vienna_Austria/rt_all_ones_t+0/2025-08-26/ln_more_lanes_lighter_t-1_edges_partitions_k6.json,6.308085441589356,lane,all_ones,0,1.0,more_lanes_lighter,-1,0.5
2025-08-26T20:35:40,"Vienna, Austria",3000,rt_all_ones_t+0,ln_more_lanes_lighter_t+0,6,151,876000.0,161283000.0,1.0,1.0,0.0,0,0.005431446587675,/home/joschua/桌面/KaHIP/min_balanced_cut_road_networks_osm/result/Vienna_Austria/rt_all_ones_t+0/2025-08-26/ln_more_lanes_lighter_t+0_run1_k6_a1.0_b1.0_g0.0.png,/home/joschua/桌面/KaHIP/min_balanced_cut_road_networks_osm/result/Vienna_Austria/rt_all_ones_t+0/2025-08-26/ln_more_lanes_lighter_t+0_edges_partitions_k6.json,6.34139347076416,lane,all_ones,0,1.0,more_lanes_lighter,0,1.0
2025-08-26T20:35:47,"Vienna, Austria",3000,rt_all_ones_t+0,ln_more_lanes_lighter_t+0,6,151,876000.0,161283000.0,1.0,1.0,0.0,1,0.005431446587675,/home/joschua/桌面/KaHIP/min_balanced_cut_road_networks_osm/result/Vienna_Austria/rt_all_ones_t+0/2025-08-26/ln_more_lanes_lighter_t+0_run1_k6_a1.0_b1.0_g0.0.png,/home/joschua/桌面/KaHIP/min_balanced_cut_road_networks_osm/result/Vienna_Austria/rt_all_ones_t+0/2025-08-26/ln_more_lanes_lighter_t+0_edges_partitions_k6.json,6.3126139640808105,lane,all_ones,0,1.0,more_lanes_lighter,0,1.0
2025-08-26T20:35:54,"Vienna, Austria",3000,rt_all_ones_t+0,ln_more_lanes_lighter_t+0,6,151,876000.0,161283000.0,1.0,1.0,0.0,2,0.005431446587675,/home/joschua/桌面/KaHIP/min_balanced_cut_road_networks_osm/result/Vienna_Austria/rt_all_ones_t+0/2025-08-26/ln_more_lanes_lighter_t+0_run1_k6_a1.0_b1.0_g0.0.png,/home/joschua/桌面/KaHIP/min_balanced_cut_road_networks_osm/result/Vienna_Austria/rt_all_ones_t+0/2025-08-26/ln_more_lanes_lighter_t+0_edges_partitions_k6.json,6.257622718811035,lane,all_ones,0,1.0,more_lanes_lighter,0,1.0
2025-08-26T20:36:02,"Vienna, Austria",3000,rt_all_ones_t+0,ln_more_lanes_lighter_t+1,6,135,1265000.0,237518000.0,1.0,1.0,0.0,0,0.0053259121413956,/home/joschua/桌面/KaHIP/min_balanced_cut_road_networks_osm/result/Vienna_Austria/rt_all_ones_t+0/2025-08-26/ln_more_lanes_lighter_t+1_run1_k6_a1.0_b1.0_g0.0.png,/home/joschua/桌面/KaHIP/min_balanced_cut_road_networks_osm/result/Vienna_Austria/rt_all_ones_t+0/2025-08-26/ln_more_lanes_lighter_t+1_edges_partitions_k6.json,6.315591096878052,lane,all_ones,0,1.0,more_lanes_lighter,1,2.0
2025-08-26T20:36:09,"Vienna, Austria",3000,rt_all_ones_t+0,ln_more_lanes_lighter_t+1,6,135,1265000.0,237518000.0,1.0,1.0,0.0,1,0.0053259121413956,/home/joschua/桌面/KaHIP/min_balanced_cut_road_networks_osm/result/Vienna_Austria/rt_all_ones_t+0/2025-08-26/ln_more_lanes_lighter_t+1_run1_k6_a1.0_b1.0_g0.0.png,/home/joschua/桌面/KaHIP/min_balanced_cut_road_networks_osm/result/Vienna_Austria/rt_all_ones_t+0/2025-08-26/ln_more_lanes_lighter_t+1_edges_partitions_k6.json,6.236417531967163,lane,all_ones,0,1.0,more_lanes_lighter,1,2.0
2025-08-26T20:36:16,"Vienna, Austria",3000,rt_all_ones_t+0,ln_more_lanes_lighter_t+1,6,135,1265000.0,237518000.0,1.0,1.0,0.0,2,0.0053259121413956,/home/joschua/桌面/KaHIP/min_balanced_cut_road_networks_osm/result/Vienna_Austria/rt_all_ones_t+0/2025-08-26/ln_more_lanes_lighter_t+1_run1_k6_a1.0_b1.0_g0.0.png,/home/joschua/桌面/KaHIP/min_balanced_cut_road_networks_osm/result/Vienna_Austria/rt_all_ones_t+0/2025-08-26/ln_more_lanes_lighter_t+1_edges_partitions_k6.json,6.249990463256836,lane,all_ones,0,1.0,more_lanes_lighter,1,2.0
2025-08-26T20:36:24,"Vienna, Austria",3000,rt_all_ones_t+0,ln_more_lanes_lighter_t+2,6,145,1436000.0,239606000.0,1.0,1.0,0.0,0,0.0059931721242372,/home/joschua/桌面/KaHIP/min_balanced_cut_road_networks_osm/result/Vienna_Austria/rt_all_ones_t+0/2025-08-26/ln_more_lanes_lighter_t+2_run1_k6_a1.0_b1.0_g0.0.png,/home/joschua/桌面/KaHIP/min_balanced_cut_road_networks_osm/result/Vienna_Austria/rt_all_ones_t+0/2025-08-26/ln_more_lanes_lighter_t+2_edges_partitions_k6.json,6.390430450439453,lane,all_ones,0,1.0,more_lanes_lighter,2,4.0
2025-08-26T20:36:31,"Vienna, Austria",3000,rt_all_ones_t+0,ln_more_lanes_lighter_t+2,6,145,1436000.0,239606000.0,1.0,1.0,0.0,1,0.0059931721242372,/home/joschua/桌面/KaHIP/min_balanced_cut_road_networks_osm/result/Vienna_Austria/rt_all_ones_t+0/2025-08-26/ln_more_lanes_lighter_t+2_run1_k6_a1.0_b1.0_g0.0.png,/home/joschua/桌面/KaHIP/min_balanced_cut_road_networks_osm/result/Vienna_Austria/rt_all_ones_t+0/2025-08-26/ln_more_lanes_lighter_t+2_edges_partitions_k6.json,6.3512914180755615,lane,all_ones,0,1.0,more_lanes_lighter,2,4.0
2025-08-26T20:36:38,"Vienna, Austria",3000,rt_all_ones_t+0,ln_more_lanes_lighter_t+2,6,145,1436000.0,239606000.0,1.0,1.0,0.0,2,0.0059931721242372,/home/joschua/桌面/KaHIP/min_balanced_cut_road_networks_osm/result/Vienna_Austria/rt_all_ones_t+0/2025-08-26/ln_more_lanes_lighter_t+2_run1_k6_a1.0_b1.0_g0.0.png,/home/joschua/桌面/KaHIP/min_balanced_cut_road_networks_osm/result/Vienna_Austria/rt_all_ones_t+0/2025-08-26/ln_more_lanes_lighter_t+2_edges_partitions_k6.json,6.225261449813843,lane,all_ones,0,1.0,more_lanes_lighter,2,4.0
2025-08-26T20:41:44,"Paris, France",3000,rt_motorway_high_t-1,ln_more_lanes_lighter_t+0,6,143,560752.0,90244879.0,2.2420336158951293,0.1340002912191346,0.0025150863363503,0,0.0062136711380598,/home/joschua/桌面/KaHIP/min_balanced_cut_road_networks_osm/result/Paris_France/rt_motorway_high_t-1/2025-08-26/ln_more_lanes_lighter_t+0_run1_k6_a2.2420336158951293_b0.13400029121913468_g0.0025150863363503674.png,/home/joschua/桌面/KaHIP/min_balanced_cut_road_networks_osm/result/Paris_France/rt_motorway_high_t-1/2025-08-26/ln_more_lanes_lighter_t+0_edges_partitions_k6.json,4.415490627288818,optuna,motorway_high,-1,0.5,more_lanes_lighter,0,1.0,2.2420336158951293,0.13400029121913468,0.0025150863363503674,0.0062136711380598,120,0
2025-08-26T20:41:50,"Paris, France",3000,rt_motorway_high_t-1,ln_more_lanes_lighter_t+0,6,143,560752.0,90244879.0,2.2420336158951293,0.1340002912191346,0.0025150863363503,1,0.0062136711380598,/home/joschua/桌面/KaHIP/min_balanced_cut_road_networks_osm/result/Paris_France/rt_motorway_high_t-1/2025-08-26/ln_more_lanes_lighter_t+0_run1_k6_a2.2420336158951293_b0.13400029121913468_g0.0025150863363503674.png,/home/joschua/桌面/KaHIP/min_balanced_cut_road_networks_osm/result/Paris_France/rt_motorway_high_t-1/2025-08-26/ln_more_lanes_lighter_t+0_edges_partitions_k6.json,4.435976505279541,optuna,motorway_high,-1,0.5,more_lanes_lighter,0,1.0,2.2420336158951293,0.13400029121913468,0.0025150863363503674,0.0062136711380598,120,1
2025-08-26T20:41:55,"Paris, France",3000,rt_motorway_high_t-1,ln_more_lanes_lighter_t+0,6,143,560752.0,90244879.0,2.2420336158951293,0.1340002912191346,0.0025150863363503,2,0.0062136711380598,/home/joschua/桌面/KaHIP/min_balanced_cut_road_networks_osm/result/Paris_France/rt_motorway_high_t-1/2025-08-26/ln_more_lanes_lighter_t+0_run1_k6_a2.2420336158951293_b0.13400029121913468_g0.0025150863363503674.png,/home/joschua/桌面/KaHIP/min_balanced_cut_road_networks_osm/result/Paris_France/rt_motorway_high_t-1/2025-08-26/ln_more_lanes_lighter_t+0_edges_partitions_k6.json,4.417329788208008,optuna,motorway_high,-1,0.5,more_lanes_lighter,0,1.0,2.2420336158951293,0.13400029121913468,0.0025150863363503674,0.0062136711380598,120,2
2025-08-26T20:45:41,"Karlsruhe, Germany",3000,rt_motorway_high_t+0,ln_more_lanes_lighter_t+0,6,58,161892.0,38400838.0,0.8363394751501051,0.1017432010594578,0.0218752406423147,0,0.004215845497955,/home/joschua/桌面/KaHIP/min_balanced_cut_road_networks_osm/result/Karlsruhe_Germany/rt_motorway_high_t+0/2025-08-26/ln_more_lanes_lighter_t+0_run1_k6_a0.8363394751501051_b0.1017432010594578_g0.021875240642314737.png,/home/joschua/桌面/KaHIP/min_balanced_cut_road_networks_osm/result/Karlsruhe_Germany/rt_motorway_high_t+0/2025-08-26/ln_more_lanes_lighter_t+0_edges_partitions_k6.json,3.1539223194122314,optuna,motorway_high,0,1.0,more_lanes_lighter,0,1.0,0.8363394751501051,0.1017432010594578,0.021875240642314737,0.004215845497955,120,0
2025-08-26T20:45:45,"Karlsruhe, Germany",3000,rt_motorway_high_t+0,ln_more_lanes_lighter_t+0,6,58,161892.0,38400838.0,0.8363394751501051,0.1017432010594578,0.0218752406423147,1,0.004215845497955,/home/joschua/桌面/KaHIP/min_balanced_cut_road_networks_osm/result/Karlsruhe_Germany/rt_motorway_high_t+0/2025-08-26/ln_more_lanes_lighter_t+0_run1_k6_a0.8363394751501051_b0.1017432010594578_g0.021875240642314737.png,/home/joschua/桌面/KaHIP/min_balanced_cut_road_networks_osm/result/Karlsruhe_Germany/rt_motorway_high_t+0/2025-08-26/ln_more_lanes_lighter_t+0_edges_partitions_k6.json,3.101904392242432,optuna,motorway_high,0,1.0,more_lanes_lighter,0,1.0,0.8363394751501051,0.1017432010594578,0.021875240642314737,0.004215845497955,120,1
2025-08-26T20:45:49,"Karlsruhe, Germany",3000,rt_motorway_high_t+0,ln_more_lanes_lighter_t+0,6,58,161892.0,38400838.0,0.8363394751501051,0.1017432010594578,0.0218752406423147,2,0.004215845497955,/home/joschua/桌面/KaHIP/min_balanced_cut_road_networks_osm/result/Karlsruhe_Germany/rt_motorway_high_t+0/2025-08-26/ln_more_lanes_lighter_t+0_run1_k6_a0.8363394751501051_b0.1017432010594578_g0.021875240642314737.png,/home/joschua/桌面/KaHIP/min_balanced_cut_road_networks_osm/result/Karlsruhe_Germany/rt_motorway_high_t+0/2025-08-26/ln_more_lanes_lighter_t+0_edges_partitions_k6.json,3.107529640197754,optuna,motorway_high,0,1.0,more_lanes_lighter,0,1.0,0.8363394751501051,0.1017432010594578,0.021875240642314737,0.004215845497955,120,2
2025-08-26T20:57:04,"Berlin, Germany",3000,rt_motorway_high_t+0,ln_more_lanes_lighter_t-2,6,129,638727.0,327221129.0,1.312325898633849,0.6906340710159026,0.0086133932823958,0,0.0019519735841996,/home/joschua/桌面/KaHIP/min_balanced_cut_road_networks_osm/result/Berlin_Germany/rt_motorway_high_t+0/2025-08-26/ln_more_lanes_lighter_t-2_run1_k6_a1.312325898633849_b0.6906340710159026_g0.008613393282395874.png,/home/joschua/桌面/KaHIP/min_balanced_cut_road_networks_osm/result/Berlin_Germany/rt_motorway_high_t+0/2025-08-26/ln_more_lanes_lighter_t-2_edges_partitions_k6.json,10.280621528625488,optuna,motorway_high,0,1.0,more_lanes_lighter,-2,0.25,1.312325898633849,0.6906340710159026,0.008613393282395874,0.0019519735841996,120,0
2025-08-26T20:57:15,"Berlin, Germany",3000,rt_motorway_high_t+0,ln_more_lanes_lighter_t-2,6,129,638727.0,327221129.0,1.312325898633849,0.6906340710159026,0.0086133932823958,1,0.0019519735841996,/home/joschua/桌面/KaHIP/min_balanced_cut_road_networks_osm/result/Berlin_Germany/rt_motorway_high_t+0/2025-08-26/ln_more_lanes_lighter_t-2_run1_k6_a1.312325898633849_b0.6906340710159026_g0.008613393282395874.png,/home/joschua/桌面/KaHIP/min_balanced_cut_road_networks_osm/result/Berlin_Germany/rt_motorway_high_t+0/2025-08-26/ln_more_lanes_lighter_t-2_edges_partitions_k6.json,10.234634399414062,optuna,motorway_high,0,1.0,more_lanes_lighter,-2,0.25,1.312325898633849,0.6906340710159026,0.008613393282395874,0.0019519735841996,120,1
2025-08-26T20:57:26,"Berlin, Germany",3000,rt_motorway_high_t+0,ln_more_lanes_lighter_t-2,6,129,638727.0,327221129.0,1.312325898633849,0.6906340710159026,0.0086133932823958,2,0.0019519735841996,/home/joschua/桌面/KaHIP/min_balanced_cut_road_networks_osm/result/Berlin_Germany/rt_motorway_high_t+0/2025-08-26/ln_more_lanes_lighter_t-2_run1_k6_a1.312325898633849_b0.6906340710159026_g0.008613393282395874.png,/home/joschua/桌面/KaHIP/min_balanced_cut_road_networks_osm/result/Berlin_Germany/rt_motorway_high_t+0/2025-08-26/ln_more_lanes_lighter_t-2_edges_partitions_k6.json,10.232827186584473,optuna,motorway_high,0,1.0,more_lanes_lighter,-2,0.25,1.312325898633849,0.6906340710159026,0.008613393282395874,0.0019519735841996,120,2
2025-08-26T21:15:19,"Los Angeles, USA",3000,rt_motorway_high_t+0,ln_more_lanes_lighter_t+1,6,170,816751.0,512882813.0,0.1362262705020794,0.5824808114974209,0.0035428209198649,0,0.0015924709881046,/home/joschua/桌面/KaHIP/min_balanced_cut_road_networks_osm/result/Los_Angeles_USA/rt_motorway_high_t+0/2025-08-26/ln_more_lanes_lighter_t+1_run1_k6_a0.13622627050207942_b0.5824808114974209_g0.003542820919864973.png,/home/joschua/桌面/KaHIP/min_balanced_cut_road_networks_osm/result/Los_Angeles_USA/rt_motorway_high_t+0/2025-08-26/ln_more_lanes_lighter_t+1_edges_partitions_k6.json,16.07512402534485,optuna,motorway_high,0,1.0,more_lanes_lighter,1,2.0,0.13622627050207942,0.5824808114974209,0.003542820919864973,0.0015924709881046,120,0
2025-08-26T21:15:36,"Los Angeles, USA",3000,rt_motorway_high_t+0,ln_more_lanes_lighter_t+1,6,170,816751.0,512882813.0,0.1362262705020794,0.5824808114974209,0.0035428209198649,1,0.0015924709881046,/home/joschua/桌面/KaHIP/min_balanced_cut_road_networks_osm/result/Los_Angeles_USA/rt_motorway_high_t+0/2025-08-26/ln_more_lanes_lighter_t+1_run1_k6_a0.13622627050207942_b0.5824808114974209_g0.003542820919864973.png,/home/joschua/桌面/KaHIP/min_balanced_cut_road_networks_osm/result/Los_Angeles_USA/rt_motorway_high_t+0/2025-08-26/ln_more_lanes_lighter_t+1_edges_partitions_k6.json,16.22891902923584,optuna,motorway_high,0,1.0,more_lanes_lighter,1,2.0,0.13622627050207942,0.5824808114974209,0.003542820919864973,0.0015924709881046,120,1
2025-08-26T21:15:54,"Los Angeles, USA",3000,rt_motorway_high_t+0,ln_more_lanes_lighter_t+1,6,170,816751.0,512882813.0,0.1362262705020794,0.5824808114974209,0.0035428209198649,2,0.0015924709881046,/home/joschua/桌面/KaHIP/min_balanced_cut_road_networks_osm/result/Los_Angeles_USA/rt_motorway_high_t+0/2025-08-26/ln_more_lanes_lighter_t+1_run1_k6_a0.13622627050207942_b0.5824808114974209_g0.003542820919864973.png,/home/joschua/桌面/KaHIP/min_balanced_cut_road_networks_osm/result/Los_Angeles_USA/rt_motorway_high_t+0/2025-08-26/ln_more_lanes_lighter_t+1_edges_partitions_k6.json,16.031782150268555,optuna,motorway_high,0,1.0,more_lanes_lighter,1,2.0,0.13622627050207942,0.5824808114974209,0.003542820919864973,0.0015924709881046,120,2
2025-08-26T21:22:59,"Vienna, Austria",3000,rt_motorway_high_t+0,ln_more_lanes_lighter_t-1,6,128,365754.0,111163063.0,0.1201098027710026,0.1419710217589542,0.9218826894390302,0,0.0032902475888056,/home/joschua/桌面/KaHIP/min_balanced_cut_road_networks_osm/result/Vienna_Austria/rt_motorway_high_t+0/2025-08-26/ln_more_lanes_lighter_t-1_run1_k6_a0.12010980277100262_b0.14197102175895426_g0.9218826894390302.png,/home/joschua/桌面/KaHIP/min_balanced_cut_road_networks_osm/result/Vienna_Austria/rt_motorway_high_t+0/2025-08-26/ln_more_lanes_lighter_t-1_edges_partitions_k6.json,6.236608982086182,optuna,motorway_high,0,1.0,more_lanes_lighter,-1,0.5,0.12010980277100262,0.14197102175895426,0.9218826894390302,0.0032902475888056,120,0
2025-08-26T21:23:06,"Vienna, Austria",3000,rt_motorway_high_t+0,ln_more_lanes_lighter_t-1,6,128,365754.0,111163063.0,0.1201098027710026,0.1419710217589542,0.9218826894390302,1,0.0032902475888056,/home/joschua/桌面/KaHIP/min_balanced_cut_road_networks_osm/result/Vienna_Austria/rt_motorway_high_t+0/2025-08-26/ln_more_lanes_lighter_t-1_run1_k6_a0.12010980277100262_b0.14197102175895426_g0.9218826894390302.png,/home/joschua/桌面/KaHIP/min_balanced_cut_road_networks_osm/result/Vienna_Austria/rt_motorway_high_t+0/2025-08-26/ln_more_lanes_lighter_t-1_edges_partitions_k6.json,6.206664085388184,optuna,motorway_high,0,1.0,more_lanes_lighter,-1,0.5,0.12010980277100262,0.14197102175895426,0.9218826894390302,0.0032902475888056,120,1
2025-08-26T21:23:14,"Vienna, Austria",3000,rt_motorway_high_t+0,ln_more_lanes_lighter_t-1,6,128,365754.0,111163063.0,0.1201098027710026,0.1419710217589542,0.9218826894390302,2,0.0032902475888056,/home/joschua/桌面/KaHIP/min_balanced_cut_road_networks_osm/result/Vienna_Austria/rt_motorway_high_t+0/2025-08-26/ln_more_lanes_lighter_t-1_run1_k6_a0.12010980277100262_b0.14197102175895426_g0.9218826894390302.png,/home/joschua/桌面/KaHIP/min_balanced_cut_road_networks_osm/result/Vienna_Austria/rt_motorway_high_t+0/2025-08-26/ln_more_lanes_lighter_t-1_edges_partitions_k6.json,6.2763261795043945,optuna,motorway_high,0,1.0,more_lanes_lighter,-1,0.5,0.12010980277100262,0.14197102175895426,0.9218826894390302,0.0032902475888056,120,2
